<dpus>
  <dpu>
    <dpuName>uv-e-filesDownload</dpuName>
    <jarName>uv-e-filesDownload-2.1.4.jar</jarName>
    <version>2.1.4</version>
  </dpu>
  <dpu>
    <dpuName>uv-l-filesToVirtuoso</dpuName>
    <jarName>uv-l-filesToVirtuoso-2.1.4.jar</jarName>
    <version>2.1.4</version>
  </dpu>
  <dpu>
    <dpuName>uv-l-filesUpload</dpuName>
    <jarName>uv-l-filesUpload-2.1.3.jar</jarName>
    <version>2.1.3</version>
  </dpu>
  <dpu>
    <dpuName>uv-t-rdfToFiles</dpuName>
    <jarName>uv-t-rdfToFiles-2.1.4.jar</jarName>
    <version>2.1.4</version>
  </dpu>
  <dpu>
    <dpuName>uv-t-sparqlConstruct</dpuName>
    <jarName>uv-t-sparqlConstruct-2.1.4.jar</jarName>
    <version>2.1.4</version>
  </dpu>
  <dpu>
    <dpuName>uv-t-tabular</dpuName>
    <jarName>uv-t-tabular-2.3.0.jar</jarName>
    <version>2.3.0</version>
  </dpu>
</dpus>