<cz.cuni.mff.xrg.odcs.commons.app.pipeline.Pipeline>
  <description></description>
  <executions class="org.eclipse.persistence.indirection.IndirectSet"/>
  <graph>
    <edges>
      <cz.cuni.mff.xrg.odcs.commons.app.pipeline.graph.Edge>
        <from>
          <dpuInstance>
            <description>turtle</description>
            <menuName>uv-t-rdfToFiles</menuName>
            <messageRecords class="org.eclipse.persistence.indirection.IndirectSet"/>
            <name>uv-t-rdfToFiles</name>
            <node reference="../.."/>
            <rawConf>&lt;object-stream&gt;
  &lt;MasterConfigObject&gt;
    &lt;configurations&gt;
      &lt;entry&gt;
        &lt;string&gt;addon/faultToleranceWrap&lt;/string&gt;
        &lt;string&gt;&amp;lt;object-stream&amp;gt;
  &amp;lt;eu.unifiedviews.helpers.dpu.extension.faulttolerance.FaultTolerance_-Configuration__V1&amp;gt;
    &amp;lt;enabled&amp;gt;false&amp;lt;/enabled&amp;gt;
    &amp;lt;exceptionNames class=&amp;quot;linked-list&amp;quot;/&amp;gt;
    &amp;lt;maxRetryCount&amp;gt;-1&amp;lt;/maxRetryCount&amp;gt;
  &amp;lt;/eu.unifiedviews.helpers.dpu.extension.faulttolerance.FaultTolerance_-Configuration__V1&amp;gt;
&amp;lt;/object-stream&amp;gt;&lt;/string&gt;
      &lt;/entry&gt;
      &lt;entry&gt;
        &lt;string&gt;dpu_config&lt;/string&gt;
        &lt;string&gt;&amp;lt;object-stream&amp;gt;
  &amp;lt;eu.unifiedviews.plugins.transformer.rdftofiles.RdfToFilesConfig__V2&amp;gt;
    &amp;lt;outFileName&amp;gt;estructura_financiacion_g_aragon_2013&amp;lt;/outFileName&amp;gt;
    &amp;lt;rdfFileFormat&amp;gt;Turtle&amp;lt;/rdfFileFormat&amp;gt;
    &amp;lt;genGraphFile&amp;gt;false&amp;lt;/genGraphFile&amp;gt;
    &amp;lt;outGraphName&amp;gt;&amp;lt;/outGraphName&amp;gt;
  &amp;lt;/eu.unifiedviews.plugins.transformer.rdftofiles.RdfToFilesConfig__V2&amp;gt;
&amp;lt;/object-stream&amp;gt;&lt;/string&gt;
      &lt;/entry&gt;
    &lt;/configurations&gt;
  &lt;/MasterConfigObject&gt;
&lt;/object-stream&gt;</rawConf>
            <template>
              <description></description>
              <jarName>uv-t-rdfToFiles-2.1.4.jar</jarName>
              <menuName>uv-t-rdfToFiles</menuName>
              <name>uv-t-rdfToFiles</name>
              <rawConf>&lt;object-stream&gt;
  &lt;MasterConfigObject&gt;
    &lt;configurations&gt;
      &lt;entry&gt;
        &lt;string&gt;dpu_config&lt;/string&gt;
        &lt;string&gt;&amp;lt;object-stream&amp;gt;
  &amp;lt;eu.unifiedviews.plugins.transformer.rdftofiles.RdfToFilesConfig__V2&amp;gt;
    &amp;lt;outFileName&amp;gt;output&amp;lt;/outFileName&amp;gt;
    &amp;lt;rdfFileFormat&amp;gt;Turtle&amp;lt;/rdfFileFormat&amp;gt;
    &amp;lt;genGraphFile&amp;gt;true&amp;lt;/genGraphFile&amp;gt;
    &amp;lt;outGraphName&amp;gt;http://localhost/resource/output&amp;lt;/outGraphName&amp;gt;
  &amp;lt;/eu.unifiedviews.plugins.transformer.rdftofiles.RdfToFilesConfig__V2&amp;gt;
&amp;lt;/object-stream&amp;gt;&lt;/string&gt;
      &lt;/entry&gt;
    &lt;/configurations&gt;
  &lt;/MasterConfigObject&gt;
&lt;/object-stream&gt;</rawConf>
              <useDPUDescription>false</useDPUDescription>
            </template>
            <useDPUDescription>false</useDPUDescription>
            <useTemplateConfig>false</useTemplateConfig>
          </dpuInstance>
          <executions class="org.eclipse.persistence.indirection.IndirectSet"/>
          <graph reference="../../../.."/>
          <position>
            <x>417</x>
            <y>525</y>
          </position>
        </from>
        <graph reference="../../.."/>
        <script>output -&gt; input;</script>
        <to>
          <dpuInstance>
            <description></description>
            <menuName>uv-l-filesUpload</menuName>
            <messageRecords class="org.eclipse.persistence.indirection.IndirectSet"/>
            <name>uv-l-filesUpload</name>
            <node reference="../.."/>
            <rawConf>&lt;object-stream&gt;
  &lt;MasterConfigObject&gt;
    &lt;configurations&gt;
      &lt;entry&gt;
        &lt;string&gt;dpu_config&lt;/string&gt;
        &lt;string&gt;&amp;lt;object-stream&amp;gt;
  &amp;lt;eu.unifiedviews.plugins.loader.filesupload.FilesUploadConfig__V1&amp;gt;
    &amp;lt;uri&amp;gt;file:///C://Users/user/codelists/estructura_financiacion_g_aragon_2013&amp;lt;/uri&amp;gt;
    &amp;lt;username&amp;gt;&amp;lt;/username&amp;gt;
    &amp;lt;password&amp;gt;&amp;lt;/password&amp;gt;
    &amp;lt;softFail&amp;gt;false&amp;lt;/softFail&amp;gt;
    &amp;lt;moveFiles&amp;gt;false&amp;lt;/moveFiles&amp;gt;
  &amp;lt;/eu.unifiedviews.plugins.loader.filesupload.FilesUploadConfig__V1&amp;gt;
&amp;lt;/object-stream&amp;gt;&lt;/string&gt;
      &lt;/entry&gt;
      &lt;entry&gt;
        &lt;string&gt;addon/faultToleranceWrap&lt;/string&gt;
        &lt;string&gt;&amp;lt;object-stream&amp;gt;
  &amp;lt;eu.unifiedviews.helpers.dpu.extension.faulttolerance.FaultTolerance_-Configuration__V1&amp;gt;
    &amp;lt;enabled&amp;gt;false&amp;lt;/enabled&amp;gt;
    &amp;lt;exceptionNames class=&amp;quot;linked-list&amp;quot;/&amp;gt;
    &amp;lt;maxRetryCount&amp;gt;-1&amp;lt;/maxRetryCount&amp;gt;
  &amp;lt;/eu.unifiedviews.helpers.dpu.extension.faulttolerance.FaultTolerance_-Configuration__V1&amp;gt;
&amp;lt;/object-stream&amp;gt;&lt;/string&gt;
      &lt;/entry&gt;
    &lt;/configurations&gt;
  &lt;/MasterConfigObject&gt;
&lt;/object-stream&gt;</rawConf>
            <template>
              <description></description>
              <jarName>uv-l-filesUpload-2.1.3.jar</jarName>
              <menuName>uv-l-filesUpload</menuName>
              <name>uv-l-filesUpload</name>
              <rawConf>&lt;object-stream&gt;
  &lt;MasterConfigObject&gt;
    &lt;configurations&gt;
      &lt;entry&gt;
        &lt;string&gt;dpu_config&lt;/string&gt;
        &lt;string&gt;&amp;lt;object-stream&amp;gt;
  &amp;lt;eu.unifiedviews.plugins.loader.filesupload.FilesUploadConfig__V1&amp;gt;
    &amp;lt;uri&amp;gt;ftps://server:21/path/&amp;lt;/uri&amp;gt;
    &amp;lt;username&amp;gt;&amp;lt;/username&amp;gt;
    &amp;lt;password&amp;gt;&amp;lt;/password&amp;gt;
    &amp;lt;softFail&amp;gt;false&amp;lt;/softFail&amp;gt;
    &amp;lt;moveFiles&amp;gt;false&amp;lt;/moveFiles&amp;gt;
  &amp;lt;/eu.unifiedviews.plugins.loader.filesupload.FilesUploadConfig__V1&amp;gt;
&amp;lt;/object-stream&amp;gt;&lt;/string&gt;
      &lt;/entry&gt;
    &lt;/configurations&gt;
  &lt;/MasterConfigObject&gt;
&lt;/object-stream&gt;</rawConf>
              <useDPUDescription>false</useDPUDescription>
            </template>
            <useDPUDescription>false</useDPUDescription>
            <useTemplateConfig>false</useTemplateConfig>
          </dpuInstance>
          <executions class="org.eclipse.persistence.indirection.IndirectSet"/>
          <graph reference="../../../.."/>
          <position>
            <x>423</x>
            <y>674</y>
          </position>
        </to>
      </cz.cuni.mff.xrg.odcs.commons.app.pipeline.graph.Edge>
      <cz.cuni.mff.xrg.odcs.commons.app.pipeline.graph.Edge>
        <from>
          <dpuInstance>
            <description></description>
            <menuName>uv-t-filesFilter</menuName>
            <messageRecords class="org.eclipse.persistence.indirection.IndirectSet"/>
            <name>uv-t-filesFilter</name>
            <node reference="../.."/>
            <rawConf>&lt;object-stream&gt;
  &lt;MasterConfigObject&gt;
    &lt;configurations&gt;
      &lt;entry&gt;
        &lt;string&gt;addon/faultToleranceWrap&lt;/string&gt;
        &lt;string&gt;&amp;lt;object-stream&amp;gt;
  &amp;lt;eu.unifiedviews.helpers.dpu.extension.faulttolerance.FaultTolerance_-Configuration__V1&amp;gt;
    &amp;lt;enabled&amp;gt;false&amp;lt;/enabled&amp;gt;
    &amp;lt;exceptionNames class=&amp;quot;linked-list&amp;quot;/&amp;gt;
    &amp;lt;maxRetryCount&amp;gt;-1&amp;lt;/maxRetryCount&amp;gt;
  &amp;lt;/eu.unifiedviews.helpers.dpu.extension.faulttolerance.FaultTolerance_-Configuration__V1&amp;gt;
&amp;lt;/object-stream&amp;gt;&lt;/string&gt;
      &lt;/entry&gt;
      &lt;entry&gt;
        &lt;string&gt;dpu_config&lt;/string&gt;
        &lt;string&gt;&amp;lt;object-stream&amp;gt;
  &amp;lt;eu.unifiedviews.plugins.transformer.filesfilter.FilesFilterConfig__V1&amp;gt;
    &amp;lt;predicate&amp;gt;FIXED_SYMBOLIC_NAME&amp;lt;/predicate&amp;gt;
    &amp;lt;object&amp;gt;Estructura Financiacion.csv&amp;lt;/object&amp;gt;
    &amp;lt;useRegExp&amp;gt;true&amp;lt;/useRegExp&amp;gt;
  &amp;lt;/eu.unifiedviews.plugins.transformer.filesfilter.FilesFilterConfig__V1&amp;gt;
&amp;lt;/object-stream&amp;gt;&lt;/string&gt;
      &lt;/entry&gt;
    &lt;/configurations&gt;
  &lt;/MasterConfigObject&gt;
&lt;/object-stream&gt;</rawConf>
            <template>
              <description></description>
              <jarName>uv-t-filesFilter-2.1.3.jar</jarName>
              <menuName>uv-t-filesFilter</menuName>
              <name>uv-t-filesFilter</name>
              <rawConf>&lt;object-stream&gt;
  &lt;MasterConfigObject&gt;
    &lt;configurations&gt;
      &lt;entry&gt;
        &lt;string&gt;dpu_config&lt;/string&gt;
        &lt;string&gt;&amp;lt;object-stream&amp;gt;
  &amp;lt;eu.unifiedviews.plugins.transformer.filesfilter.FilesFilterConfig__V1&amp;gt;
    &amp;lt;predicate&amp;gt;FIXED_SYMBOLIC_NAME&amp;lt;/predicate&amp;gt;
    &amp;lt;object&amp;gt;.*&amp;lt;/object&amp;gt;
    &amp;lt;useRegExp&amp;gt;true&amp;lt;/useRegExp&amp;gt;
  &amp;lt;/eu.unifiedviews.plugins.transformer.filesfilter.FilesFilterConfig__V1&amp;gt;
&amp;lt;/object-stream&amp;gt;&lt;/string&gt;
      &lt;/entry&gt;
    &lt;/configurations&gt;
  &lt;/MasterConfigObject&gt;
&lt;/object-stream&gt;</rawConf>
              <useDPUDescription>false</useDPUDescription>
            </template>
            <useDPUDescription>false</useDPUDescription>
            <useTemplateConfig>false</useTemplateConfig>
          </dpuInstance>
          <executions class="org.eclipse.persistence.indirection.IndirectSet"/>
          <graph reference="../../../.."/>
          <position>
            <x>432</x>
            <y>83</y>
          </position>
        </from>
        <graph reference="../../.."/>
        <script>output -&gt; input;</script>
        <to>
          <dpuInstance>
            <description></description>
            <menuName>uv-t-filesRenamer</menuName>
            <messageRecords class="org.eclipse.persistence.indirection.IndirectSet"/>
            <name>uv-t-filesRenamer</name>
            <node reference="../.."/>
            <rawConf>&lt;object-stream&gt;
  &lt;MasterConfigObject&gt;
    &lt;configurations&gt;
      &lt;entry&gt;
        &lt;string&gt;addon/faultToleranceWrap&lt;/string&gt;
        &lt;string&gt;&amp;lt;object-stream&amp;gt;
  &amp;lt;eu.unifiedviews.helpers.dpu.extension.faulttolerance.FaultTolerance_-Configuration__V1&amp;gt;
    &amp;lt;enabled&amp;gt;false&amp;lt;/enabled&amp;gt;
    &amp;lt;exceptionNames class=&amp;quot;linked-list&amp;quot;/&amp;gt;
    &amp;lt;maxRetryCount&amp;gt;-1&amp;lt;/maxRetryCount&amp;gt;
  &amp;lt;/eu.unifiedviews.helpers.dpu.extension.faulttolerance.FaultTolerance_-Configuration__V1&amp;gt;
&amp;lt;/object-stream&amp;gt;&lt;/string&gt;
      &lt;/entry&gt;
      &lt;entry&gt;
        &lt;string&gt;dpu_config&lt;/string&gt;
        &lt;string&gt;&amp;lt;object-stream&amp;gt;
  &amp;lt;eu.unifiedviews.plugins.transformer.filesrenamer.RenamerConfig__V1&amp;gt;
    &amp;lt;pattern&amp;gt;Estractrura&amp;lt;/pattern&amp;gt;
    &amp;lt;replaceText&amp;gt;1&amp;lt;/replaceText&amp;gt;
    &amp;lt;useAdvanceReplace&amp;gt;false&amp;lt;/useAdvanceReplace&amp;gt;
  &amp;lt;/eu.unifiedviews.plugins.transformer.filesrenamer.RenamerConfig__V1&amp;gt;
&amp;lt;/object-stream&amp;gt;&lt;/string&gt;
      &lt;/entry&gt;
    &lt;/configurations&gt;
  &lt;/MasterConfigObject&gt;
&lt;/object-stream&gt;</rawConf>
            <template>
              <description></description>
              <jarName>uv-t-filesRenamer-2.2.0.jar</jarName>
              <menuName>uv-t-filesRenamer</menuName>
              <name>uv-t-filesRenamer</name>
              <rawConf>&lt;object-stream&gt;
  &lt;MasterConfigObject&gt;
    &lt;configurations&gt;
      &lt;entry&gt;
        &lt;string&gt;dpu_config&lt;/string&gt;
        &lt;string&gt;&amp;lt;object-stream&amp;gt;
  &amp;lt;eu.unifiedviews.plugins.transformer.filesrenamer.RenamerConfig__V1&amp;gt;
    &amp;lt;pattern&amp;gt;xml&amp;lt;/pattern&amp;gt;
    &amp;lt;replaceText&amp;gt;ttl&amp;lt;/replaceText&amp;gt;
    &amp;lt;useAdvanceReplace&amp;gt;false&amp;lt;/useAdvanceReplace&amp;gt;
  &amp;lt;/eu.unifiedviews.plugins.transformer.filesrenamer.RenamerConfig__V1&amp;gt;
&amp;lt;/object-stream&amp;gt;&lt;/string&gt;
      &lt;/entry&gt;
    &lt;/configurations&gt;
  &lt;/MasterConfigObject&gt;
&lt;/object-stream&gt;</rawConf>
              <useDPUDescription>false</useDPUDescription>
            </template>
            <useDPUDescription>false</useDPUDescription>
            <useTemplateConfig>false</useTemplateConfig>
          </dpuInstance>
          <executions class="org.eclipse.persistence.indirection.IndirectSet"/>
          <graph reference="../../../.."/>
          <position>
            <x>436</x>
            <y>143</y>
          </position>
        </to>
      </cz.cuni.mff.xrg.odcs.commons.app.pipeline.graph.Edge>
      <cz.cuni.mff.xrg.odcs.commons.app.pipeline.graph.Edge>
        <from>
          <dpuInstance>
            <description></description>
            <menuName>uv-t-rdfMerger</menuName>
            <messageRecords class="org.eclipse.persistence.indirection.IndirectSet"/>
            <name>uv-t-rdfMerger</name>
            <node reference="../.."/>
            <rawConf>&lt;object-stream&gt;
  &lt;MasterConfigObject&gt;
    &lt;configurations&gt;
      &lt;entry&gt;
        &lt;string&gt;addon/faultToleranceWrap&lt;/string&gt;
        &lt;string&gt;&amp;lt;object-stream&amp;gt;
  &amp;lt;eu.unifiedviews.helpers.dpu.extension.faulttolerance.FaultTolerance_-Configuration__V1&amp;gt;
    &amp;lt;enabled&amp;gt;true&amp;lt;/enabled&amp;gt;
    &amp;lt;exceptionNames class=&amp;quot;linked-list&amp;quot;/&amp;gt;
    &amp;lt;maxRetryCount&amp;gt;-1&amp;lt;/maxRetryCount&amp;gt;
  &amp;lt;/eu.unifiedviews.helpers.dpu.extension.faulttolerance.FaultTolerance_-Configuration__V1&amp;gt;
&amp;lt;/object-stream&amp;gt;&lt;/string&gt;
      &lt;/entry&gt;
      &lt;entry&gt;
        &lt;string&gt;dpu_config&lt;/string&gt;
        &lt;string&gt;&amp;lt;object-stream&amp;gt;
  &amp;lt;eu.unifiedviews.plugins.transformer.rdfmerger.RdfMergerConfig__V1/&amp;gt;
&amp;lt;/object-stream&amp;gt;&lt;/string&gt;
      &lt;/entry&gt;
    &lt;/configurations&gt;
  &lt;/MasterConfigObject&gt;
&lt;/object-stream&gt;</rawConf>
            <template>
              <description></description>
              <jarName>uv-t-rdfMerger-2.1.3.jar</jarName>
              <menuName>uv-t-rdfMerger</menuName>
              <name>uv-t-rdfMerger</name>
              <rawConf>&lt;object-stream&gt;
  &lt;MasterConfigObject&gt;
    &lt;configurations&gt;
      &lt;entry&gt;
        &lt;string&gt;dpu_config&lt;/string&gt;
        &lt;string&gt;&amp;lt;object-stream&amp;gt;
  &amp;lt;eu.unifiedviews.plugins.transformer.rdfmerger.RdfMergerConfig__V1/&amp;gt;
&amp;lt;/object-stream&amp;gt;&lt;/string&gt;
      &lt;/entry&gt;
    &lt;/configurations&gt;
  &lt;/MasterConfigObject&gt;
&lt;/object-stream&gt;</rawConf>
              <useDPUDescription>false</useDPUDescription>
            </template>
            <useDPUDescription>false</useDPUDescription>
            <useTemplateConfig>false</useTemplateConfig>
          </dpuInstance>
          <executions class="org.eclipse.persistence.indirection.IndirectSet"/>
          <graph reference="../../../.."/>
          <position>
            <x>427</x>
            <y>291</y>
          </position>
        </from>
        <graph reference="../../.."/>
        <script>rdfOutput -&gt; input;</script>
        <to>
          <dpuInstance>
            <description></description>
            <menuName>uv-t-sparqlConstruct</menuName>
            <messageRecords class="org.eclipse.persistence.indirection.IndirectSet"/>
            <name>uv-t-sparqlConstruct</name>
            <node reference="../.."/>
            <rawConf>&lt;object-stream&gt;
  &lt;MasterConfigObject&gt;
    &lt;configurations&gt;
      &lt;entry&gt;
        &lt;string&gt;addon/faultToleranceWrap&lt;/string&gt;
        &lt;string&gt;&amp;lt;object-stream&amp;gt;
  &amp;lt;eu.unifiedviews.helpers.dpu.extension.faulttolerance.FaultTolerance_-Configuration__V1&amp;gt;
    &amp;lt;enabled&amp;gt;false&amp;lt;/enabled&amp;gt;
    &amp;lt;exceptionNames class=&amp;quot;linked-list&amp;quot;/&amp;gt;
    &amp;lt;maxRetryCount&amp;gt;-1&amp;lt;/maxRetryCount&amp;gt;
  &amp;lt;/eu.unifiedviews.helpers.dpu.extension.faulttolerance.FaultTolerance_-Configuration__V1&amp;gt;
&amp;lt;/object-stream&amp;gt;&lt;/string&gt;
      &lt;/entry&gt;
      &lt;entry&gt;
        &lt;string&gt;dpu_config&lt;/string&gt;
        &lt;string&gt;&amp;lt;object-stream&amp;gt;
  &amp;lt;cz.cuni.mff.xrg.uv.transformer.sparql.construct.SparqlConstructConfig__V1&amp;gt;
    &amp;lt;query&amp;gt;construct 
{?s1 &amp;amp;lt;http://www.w3.org/2004/02/skos/core#topConceptOf&amp;amp;gt; &amp;amp;lt;http://data.openbudgets.eu/resource/codelist/estructura_financiacion_g_aragon_2013&amp;amp;gt;.
&amp;amp;lt;http://data.openbudgets.eu/resource/codelist/estructura_financiacion_g_aragon_2013&amp;amp;gt; &amp;amp;lt;http://www.w3.org/2004/02/skos/core#hasTopConcept&amp;amp;gt; ?s1

} 
where 
{
?s1 &amp;amp;lt;http://www.w3.org/2004/02/skos/core#note&amp;amp;gt; ?o1 
. 
filter(strlen(?o1)=1) }&amp;lt;/query&amp;gt;
    &amp;lt;perGraph&amp;gt;true&amp;lt;/perGraph&amp;gt;
  &amp;lt;/cz.cuni.mff.xrg.uv.transformer.sparql.construct.SparqlConstructConfig__V1&amp;gt;
&amp;lt;/object-stream&amp;gt;&lt;/string&gt;
      &lt;/entry&gt;
    &lt;/configurations&gt;
  &lt;/MasterConfigObject&gt;
&lt;/object-stream&gt;</rawConf>
            <template>
              <description></description>
              <jarName>uv-t-sparqlConstruct-2.1.4.jar</jarName>
              <menuName>uv-t-sparqlConstruct</menuName>
              <name>uv-t-sparqlConstruct</name>
              <rawConf>&lt;object-stream&gt;
  &lt;MasterConfigObject&gt;
    &lt;configurations&gt;
      &lt;entry&gt;
        &lt;string&gt;dpu_config&lt;/string&gt;
        &lt;string&gt;&amp;lt;object-stream&amp;gt;
  &amp;lt;cz.cuni.mff.xrg.uv.transformer.sparql.construct.SparqlConstructConfig__V1&amp;gt;
    &amp;lt;query&amp;gt;CONSTRUCT {?s ?p ?o} WHERE {?s ?p ?o}&amp;lt;/query&amp;gt;
    &amp;lt;perGraph&amp;gt;true&amp;lt;/perGraph&amp;gt;
  &amp;lt;/cz.cuni.mff.xrg.uv.transformer.sparql.construct.SparqlConstructConfig__V1&amp;gt;
&amp;lt;/object-stream&amp;gt;&lt;/string&gt;
      &lt;/entry&gt;
    &lt;/configurations&gt;
  &lt;/MasterConfigObject&gt;
&lt;/object-stream&gt;</rawConf>
              <useDPUDescription>false</useDPUDescription>
            </template>
            <useDPUDescription>false</useDPUDescription>
            <useTemplateConfig>false</useTemplateConfig>
          </dpuInstance>
          <executions class="org.eclipse.persistence.indirection.IndirectSet"/>
          <graph reference="../../../.."/>
          <position>
            <x>682</x>
            <y>403</y>
          </position>
        </to>
      </cz.cuni.mff.xrg.odcs.commons.app.pipeline.graph.Edge>
      <cz.cuni.mff.xrg.odcs.commons.app.pipeline.graph.Edge>
        <from reference="../../cz.cuni.mff.xrg.odcs.commons.app.pipeline.graph.Edge[2]/to"/>
        <graph reference="../../.."/>
        <script>output -&gt; table;</script>
        <to>
          <dpuInstance>
            <description></description>
            <menuName>uv-t-tabular2</menuName>
            <messageRecords class="org.eclipse.persistence.indirection.IndirectSet"/>
            <name>uv-t-tabular2</name>
            <node reference="../.."/>
            <rawConf>&lt;object-stream&gt;
  &lt;MasterConfigObject&gt;
    &lt;configurations&gt;
      &lt;entry&gt;
        &lt;string&gt;dpu_config&lt;/string&gt;
        &lt;string&gt;&amp;lt;object-stream&amp;gt;
  &amp;lt;cz.cuni.mff.xrg.uv.transformer.tabular.TabularConfig__V2&amp;gt;
    &amp;lt;keyColumn&amp;gt;col4&amp;lt;/keyColumn&amp;gt;
    &amp;lt;baseURI&amp;gt;http://data.openbudgets.eu/resource/codelist/estructura_financiacion_g_aragon_2013/&amp;lt;/baseURI&amp;gt;
    &amp;lt;columnsInfo class=&amp;quot;linked-hash-map&amp;quot;&amp;gt;
      &amp;lt;entry&amp;gt;
        &amp;lt;string&amp;gt;col4&amp;lt;/string&amp;gt;
        &amp;lt;cz.cuni.mff.xrg.uv.transformer.tabular.column.ColumnInfo__V1&amp;gt;
          &amp;lt;URI&amp;gt;http://www.w3.org/2004/02/skos/core#note&amp;lt;/URI&amp;gt;
          &amp;lt;type&amp;gt;String&amp;lt;/type&amp;gt;
        &amp;lt;/cz.cuni.mff.xrg.uv.transformer.tabular.column.ColumnInfo__V1&amp;gt;
      &amp;lt;/entry&amp;gt;
      &amp;lt;entry&amp;gt;
        &amp;lt;string&amp;gt;col7&amp;lt;/string&amp;gt;
        &amp;lt;cz.cuni.mff.xrg.uv.transformer.tabular.column.ColumnInfo__V1&amp;gt;
          &amp;lt;URI&amp;gt;http://www.w3.org/2004/02/skos/core#prefLabel&amp;lt;/URI&amp;gt;
          &amp;lt;type&amp;gt;String&amp;lt;/type&amp;gt;
          &amp;lt;language&amp;gt;es&amp;lt;/language&amp;gt;
        &amp;lt;/cz.cuni.mff.xrg.uv.transformer.tabular.column.ColumnInfo__V1&amp;gt;
      &amp;lt;/entry&amp;gt;
      &amp;lt;entry&amp;gt;
        &amp;lt;string&amp;gt;col6&amp;lt;/string&amp;gt;
        &amp;lt;cz.cuni.mff.xrg.uv.transformer.tabular.column.ColumnInfo__V1&amp;gt;
          &amp;lt;URI&amp;gt;http://www.w3.org/2004/02/skos/core#altLabel&amp;lt;/URI&amp;gt;
          &amp;lt;type&amp;gt;String&amp;lt;/type&amp;gt;
          &amp;lt;language&amp;gt;es&amp;lt;/language&amp;gt;
        &amp;lt;/cz.cuni.mff.xrg.uv.transformer.tabular.column.ColumnInfo__V1&amp;gt;
      &amp;lt;/entry&amp;gt;
      &amp;lt;entry&amp;gt;
        &amp;lt;string&amp;gt;col2&amp;lt;/string&amp;gt;
        &amp;lt;cz.cuni.mff.xrg.uv.transformer.tabular.column.ColumnInfo__V1&amp;gt;
          &amp;lt;URI&amp;gt;http://www.w3.org/2004/02/skos/core#notation&amp;lt;/URI&amp;gt;
          &amp;lt;type&amp;gt;String&amp;lt;/type&amp;gt;
        &amp;lt;/cz.cuni.mff.xrg.uv.transformer.tabular.column.ColumnInfo__V1&amp;gt;
      &amp;lt;/entry&amp;gt;
    &amp;lt;/columnsInfo&amp;gt;
    &amp;lt;columnsInfoAdv class=&amp;quot;linked-list&amp;quot;/&amp;gt;
    &amp;lt;namedCells class=&amp;quot;linked-list&amp;quot;/&amp;gt;
    &amp;lt;quoteChar&amp;gt;&amp;lt;/quoteChar&amp;gt;
    &amp;lt;delimiterChar&amp;gt;;&amp;lt;/delimiterChar&amp;gt;
    &amp;lt;linesToIgnore&amp;gt;6&amp;lt;/linesToIgnore&amp;gt;
    &amp;lt;encoding&amp;gt;ISO-8859-2&amp;lt;/encoding&amp;gt;
    &amp;lt;rowsLimit&amp;gt;22&amp;lt;/rowsLimit&amp;gt;
    &amp;lt;tableType&amp;gt;CSV&amp;lt;/tableType&amp;gt;
    &amp;lt;hasHeader&amp;gt;false&amp;lt;/hasHeader&amp;gt;
    &amp;lt;generateNew&amp;gt;false&amp;lt;/generateNew&amp;gt;
    &amp;lt;ignoreBlankCells&amp;gt;true&amp;lt;/ignoreBlankCells&amp;gt;
    &amp;lt;advancedKeyColumn&amp;gt;false&amp;lt;/advancedKeyColumn&amp;gt;
    &amp;lt;rowsClass&amp;gt;http://www.w3.org/2004/02/skos/core#Concept&amp;lt;/rowsClass&amp;gt;
    &amp;lt;staticRowCounter&amp;gt;false&amp;lt;/staticRowCounter&amp;gt;
    &amp;lt;generateRowTriple&amp;gt;false&amp;lt;/generateRowTriple&amp;gt;
    &amp;lt;useTableSubject&amp;gt;false&amp;lt;/useTableSubject&amp;gt;
    &amp;lt;autoAsStrings&amp;gt;false&amp;lt;/autoAsStrings&amp;gt;
    &amp;lt;generateTableClass&amp;gt;false&amp;lt;/generateTableClass&amp;gt;
    &amp;lt;generateLabels&amp;gt;false&amp;lt;/generateLabels&amp;gt;
    &amp;lt;stripHeader&amp;gt;false&amp;lt;/stripHeader&amp;gt;
    &amp;lt;dbfTrimString&amp;gt;false&amp;lt;/dbfTrimString&amp;gt;
    &amp;lt;xlsAdvancedDoubleParser&amp;gt;false&amp;lt;/xlsAdvancedDoubleParser&amp;gt;
    &amp;lt;ignoreMissingColumn&amp;gt;false&amp;lt;/ignoreMissingColumn&amp;gt;
  &amp;lt;/cz.cuni.mff.xrg.uv.transformer.tabular.TabularConfig__V2&amp;gt;
&amp;lt;/object-stream&amp;gt;&lt;/string&gt;
      &lt;/entry&gt;
      &lt;entry&gt;
        &lt;string&gt;addon/faultToleranceWrap&lt;/string&gt;
        &lt;string&gt;&amp;lt;object-stream&amp;gt;
  &amp;lt;eu.unifiedviews.helpers.dpu.extension.faulttolerance.FaultTolerance_-Configuration__V1&amp;gt;
    &amp;lt;enabled&amp;gt;false&amp;lt;/enabled&amp;gt;
    &amp;lt;exceptionNames class=&amp;quot;linked-list&amp;quot;/&amp;gt;
    &amp;lt;maxRetryCount&amp;gt;-1&amp;lt;/maxRetryCount&amp;gt;
  &amp;lt;/eu.unifiedviews.helpers.dpu.extension.faulttolerance.FaultTolerance_-Configuration__V1&amp;gt;
&amp;lt;/object-stream&amp;gt;&lt;/string&gt;
      &lt;/entry&gt;
    &lt;/configurations&gt;
  &lt;/MasterConfigObject&gt;
&lt;/object-stream&gt;</rawConf>
            <template>
              <description></description>
              <jarName>uv-t-tabular-2.3.0.jar</jarName>
              <menuName>uv-t-tabular</menuName>
              <name>uv-t-tabular</name>
              <rawConf>&lt;object-stream&gt;
  &lt;MasterConfigObject&gt;
    &lt;configurations&gt;
      &lt;entry&gt;
        &lt;string&gt;dpu_config&lt;/string&gt;
        &lt;string&gt;&amp;lt;object-stream&amp;gt;
  &amp;lt;cz.cuni.mff.xrg.uv.transformer.tabular.TabularConfig__V2&amp;gt;
    &amp;lt;baseURI&amp;gt;http://localhost&amp;lt;/baseURI&amp;gt;
    &amp;lt;columnsInfo class=&amp;quot;linked-hash-map&amp;quot;/&amp;gt;
    &amp;lt;columnsInfoAdv class=&amp;quot;linked-list&amp;quot;/&amp;gt;
    &amp;lt;namedCells class=&amp;quot;linked-list&amp;quot;/&amp;gt;
    &amp;lt;quoteChar&amp;gt;&amp;amp;quot;&amp;lt;/quoteChar&amp;gt;
    &amp;lt;delimiterChar&amp;gt;,&amp;lt;/delimiterChar&amp;gt;
    &amp;lt;linesToIgnore&amp;gt;0&amp;lt;/linesToIgnore&amp;gt;
    &amp;lt;encoding&amp;gt;UTF-8&amp;lt;/encoding&amp;gt;
    &amp;lt;tableType&amp;gt;CSV&amp;lt;/tableType&amp;gt;
    &amp;lt;hasHeader&amp;gt;true&amp;lt;/hasHeader&amp;gt;
    &amp;lt;generateNew&amp;gt;true&amp;lt;/generateNew&amp;gt;
    &amp;lt;ignoreBlankCells&amp;gt;false&amp;lt;/ignoreBlankCells&amp;gt;
    &amp;lt;advancedKeyColumn&amp;gt;false&amp;lt;/advancedKeyColumn&amp;gt;
    &amp;lt;rowsClass&amp;gt;http://unifiedviews.eu/ontology/t-tabular/Row&amp;lt;/rowsClass&amp;gt;
    &amp;lt;staticRowCounter&amp;gt;false&amp;lt;/staticRowCounter&amp;gt;
    &amp;lt;generateRowTriple&amp;gt;true&amp;lt;/generateRowTriple&amp;gt;
    &amp;lt;useTableSubject&amp;gt;false&amp;lt;/useTableSubject&amp;gt;
    &amp;lt;autoAsStrings&amp;gt;false&amp;lt;/autoAsStrings&amp;gt;
    &amp;lt;generateTableClass&amp;gt;false&amp;lt;/generateTableClass&amp;gt;
    &amp;lt;generateLabels&amp;gt;false&amp;lt;/generateLabels&amp;gt;
    &amp;lt;stripHeader&amp;gt;false&amp;lt;/stripHeader&amp;gt;
    &amp;lt;dbfTrimString&amp;gt;false&amp;lt;/dbfTrimString&amp;gt;
    &amp;lt;xlsAdvancedDoubleParser&amp;gt;false&amp;lt;/xlsAdvancedDoubleParser&amp;gt;
    &amp;lt;ignoreMissingColumn&amp;gt;false&amp;lt;/ignoreMissingColumn&amp;gt;
  &amp;lt;/cz.cuni.mff.xrg.uv.transformer.tabular.TabularConfig__V2&amp;gt;
&amp;lt;/object-stream&amp;gt;&lt;/string&gt;
      &lt;/entry&gt;
    &lt;/configurations&gt;
  &lt;/MasterConfigObject&gt;
&lt;/object-stream&gt;</rawConf>
              <useDPUDescription>false</useDPUDescription>
            </template>
            <useDPUDescription>false</useDPUDescription>
            <useTemplateConfig>false</useTemplateConfig>
          </dpuInstance>
          <executions class="org.eclipse.persistence.indirection.IndirectSet"/>
          <graph reference="../../../.."/>
          <position>
            <x>429</x>
            <y>217</y>
          </position>
        </to>
      </cz.cuni.mff.xrg.odcs.commons.app.pipeline.graph.Edge>
      <cz.cuni.mff.xrg.odcs.commons.app.pipeline.graph.Edge>
        <from reference="../../cz.cuni.mff.xrg.odcs.commons.app.pipeline.graph.Edge[3]/from"/>
        <graph reference="../../.."/>
        <script>rdfOutput -&gt; input;</script>
        <to>
          <dpuInstance>
            <description></description>
            <menuName>uv-t-sparqlConstruct skos-relations</menuName>
            <messageRecords class="org.eclipse.persistence.indirection.IndirectSet"/>
            <name>uv-t-sparqlConstruct skos-relations</name>
            <node reference="../.."/>
            <rawConf>&lt;object-stream&gt;
  &lt;MasterConfigObject&gt;
    &lt;configurations&gt;
      &lt;entry&gt;
        &lt;string&gt;addon/faultToleranceWrap&lt;/string&gt;
        &lt;string&gt;&amp;lt;object-stream&amp;gt;
  &amp;lt;eu.unifiedviews.helpers.dpu.extension.faulttolerance.FaultTolerance_-Configuration__V1&amp;gt;
    &amp;lt;enabled&amp;gt;false&amp;lt;/enabled&amp;gt;
    &amp;lt;exceptionNames class=&amp;quot;linked-list&amp;quot;/&amp;gt;
    &amp;lt;maxRetryCount&amp;gt;-1&amp;lt;/maxRetryCount&amp;gt;
  &amp;lt;/eu.unifiedviews.helpers.dpu.extension.faulttolerance.FaultTolerance_-Configuration__V1&amp;gt;
&amp;lt;/object-stream&amp;gt;&lt;/string&gt;
      &lt;/entry&gt;
      &lt;entry&gt;
        &lt;string&gt;dpu_config&lt;/string&gt;
        &lt;string&gt;&amp;lt;object-stream&amp;gt;
  &amp;lt;cz.cuni.mff.xrg.uv.transformer.sparql.construct.SparqlConstructConfig__V1&amp;gt;
    &amp;lt;query&amp;gt;construct 
{?s1 &amp;amp;lt;http://www.w3.org/2004/02/skos/core#narrower&amp;amp;gt; ?s2 .
?s2 &amp;amp;lt;http://www.w3.org/2004/02/skos/core#broader&amp;amp;gt; ?s1 .} 
where 
{
?s1 &amp;amp;lt;http://www.w3.org/2004/02/skos/core#note&amp;amp;gt; ?o1 
. 
?s2  &amp;amp;lt;http://www.w3.org/2004/02/skos/core#note&amp;amp;gt; ?o2 
 
filter((strlen(?o2)=5 &amp;amp;amp;&amp;amp;amp; strlen(?o2)=(strlen(?o1)+3) &amp;amp;amp;&amp;amp;amp; substr(str(?o2),1,strlen(?o1))=str(?o1)) || (strlen(?o2)=(strlen(?o1)+1) &amp;amp;amp;&amp;amp;amp; substr(str(?o2),1,strlen(?o1))=str(?o1))). }&amp;lt;/query&amp;gt;
    &amp;lt;perGraph&amp;gt;false&amp;lt;/perGraph&amp;gt;
  &amp;lt;/cz.cuni.mff.xrg.uv.transformer.sparql.construct.SparqlConstructConfig__V1&amp;gt;
&amp;lt;/object-stream&amp;gt;&lt;/string&gt;
      &lt;/entry&gt;
    &lt;/configurations&gt;
  &lt;/MasterConfigObject&gt;
&lt;/object-stream&gt;</rawConf>
            <template reference="../../../../cz.cuni.mff.xrg.odcs.commons.app.pipeline.graph.Edge[3]/to/dpuInstance/template"/>
            <useDPUDescription>false</useDPUDescription>
            <useTemplateConfig>false</useTemplateConfig>
          </dpuInstance>
          <executions class="org.eclipse.persistence.indirection.IndirectSet"/>
          <graph reference="../../../.."/>
          <position>
            <x>224</x>
            <y>286</y>
          </position>
        </to>
      </cz.cuni.mff.xrg.odcs.commons.app.pipeline.graph.Edge>
      <cz.cuni.mff.xrg.odcs.commons.app.pipeline.graph.Edge>
        <from>
          <dpuInstance>
            <description>rdf/xml</description>
            <menuName>uv-t-rdfToFiles</menuName>
            <messageRecords class="org.eclipse.persistence.indirection.IndirectSet"/>
            <name>uv-t-rdfToFiles</name>
            <node reference="../.."/>
            <rawConf>&lt;object-stream&gt;
  &lt;MasterConfigObject&gt;
    &lt;configurations&gt;
      &lt;entry&gt;
        &lt;string&gt;addon/faultToleranceWrap&lt;/string&gt;
        &lt;string&gt;&amp;lt;object-stream&amp;gt;
  &amp;lt;eu.unifiedviews.helpers.dpu.extension.faulttolerance.FaultTolerance_-Configuration__V1&amp;gt;
    &amp;lt;enabled&amp;gt;false&amp;lt;/enabled&amp;gt;
    &amp;lt;exceptionNames class=&amp;quot;linked-list&amp;quot;/&amp;gt;
    &amp;lt;maxRetryCount&amp;gt;-1&amp;lt;/maxRetryCount&amp;gt;
  &amp;lt;/eu.unifiedviews.helpers.dpu.extension.faulttolerance.FaultTolerance_-Configuration__V1&amp;gt;
&amp;lt;/object-stream&amp;gt;&lt;/string&gt;
      &lt;/entry&gt;
      &lt;entry&gt;
        &lt;string&gt;dpu_config&lt;/string&gt;
        &lt;string&gt;&amp;lt;object-stream&amp;gt;
  &amp;lt;eu.unifiedviews.plugins.transformer.rdftofiles.RdfToFilesConfig__V2&amp;gt;
    &amp;lt;outFileName&amp;gt;estructura_financiacion_g_aragon_2013&amp;lt;/outFileName&amp;gt;
    &amp;lt;rdfFileFormat&amp;gt;RDF/XML&amp;lt;/rdfFileFormat&amp;gt;
    &amp;lt;genGraphFile&amp;gt;false&amp;lt;/genGraphFile&amp;gt;
    &amp;lt;outGraphName&amp;gt;&amp;lt;/outGraphName&amp;gt;
  &amp;lt;/eu.unifiedviews.plugins.transformer.rdftofiles.RdfToFilesConfig__V2&amp;gt;
&amp;lt;/object-stream&amp;gt;&lt;/string&gt;
      &lt;/entry&gt;
    &lt;/configurations&gt;
  &lt;/MasterConfigObject&gt;
&lt;/object-stream&gt;</rawConf>
            <template reference="../../../../cz.cuni.mff.xrg.odcs.commons.app.pipeline.graph.Edge/from/dpuInstance/template"/>
            <useDPUDescription>false</useDPUDescription>
            <useTemplateConfig>false</useTemplateConfig>
          </dpuInstance>
          <executions class="org.eclipse.persistence.indirection.IndirectSet"/>
          <graph reference="../../../.."/>
          <position>
            <x>574</x>
            <y>524</y>
          </position>
        </from>
        <graph reference="../../.."/>
        <script>output -&gt; input;</script>
        <to reference="../../cz.cuni.mff.xrg.odcs.commons.app.pipeline.graph.Edge/to"/>
      </cz.cuni.mff.xrg.odcs.commons.app.pipeline.graph.Edge>
      <cz.cuni.mff.xrg.odcs.commons.app.pipeline.graph.Edge>
        <from>
          <dpuInstance>
            <description></description>
            <menuName>uv-t-tabular3</menuName>
            <messageRecords class="org.eclipse.persistence.indirection.IndirectSet"/>
            <name>uv-t-tabular3</name>
            <node reference="../.."/>
            <rawConf>&lt;object-stream&gt;
  &lt;MasterConfigObject&gt;
    &lt;configurations&gt;
      &lt;entry&gt;
        &lt;string&gt;dpu_config&lt;/string&gt;
        &lt;string&gt;&amp;lt;object-stream&amp;gt;
  &amp;lt;cz.cuni.mff.xrg.uv.transformer.tabular.TabularConfig__V2&amp;gt;
    &amp;lt;keyColumn&amp;gt;col5&amp;lt;/keyColumn&amp;gt;
    &amp;lt;baseURI&amp;gt;http://data.openbudgets.eu/resource/codelist/estructura_financiacion_g_aragon_2013/&amp;lt;/baseURI&amp;gt;
    &amp;lt;columnsInfo class=&amp;quot;linked-hash-map&amp;quot;&amp;gt;
      &amp;lt;entry&amp;gt;
        &amp;lt;string&amp;gt;col5&amp;lt;/string&amp;gt;
        &amp;lt;cz.cuni.mff.xrg.uv.transformer.tabular.column.ColumnInfo__V1&amp;gt;
          &amp;lt;URI&amp;gt;http://www.w3.org/2004/02/skos/core#note&amp;lt;/URI&amp;gt;
          &amp;lt;type&amp;gt;String&amp;lt;/type&amp;gt;
        &amp;lt;/cz.cuni.mff.xrg.uv.transformer.tabular.column.ColumnInfo__V1&amp;gt;
      &amp;lt;/entry&amp;gt;
      &amp;lt;entry&amp;gt;
        &amp;lt;string&amp;gt;col7&amp;lt;/string&amp;gt;
        &amp;lt;cz.cuni.mff.xrg.uv.transformer.tabular.column.ColumnInfo__V1&amp;gt;
          &amp;lt;URI&amp;gt;http://www.w3.org/2004/02/skos/core#prefLabel&amp;lt;/URI&amp;gt;
          &amp;lt;type&amp;gt;String&amp;lt;/type&amp;gt;
          &amp;lt;language&amp;gt;es&amp;lt;/language&amp;gt;
        &amp;lt;/cz.cuni.mff.xrg.uv.transformer.tabular.column.ColumnInfo__V1&amp;gt;
      &amp;lt;/entry&amp;gt;
      &amp;lt;entry&amp;gt;
        &amp;lt;string&amp;gt;col6&amp;lt;/string&amp;gt;
        &amp;lt;cz.cuni.mff.xrg.uv.transformer.tabular.column.ColumnInfo__V1&amp;gt;
          &amp;lt;URI&amp;gt;http://www.w3.org/2004/02/skos/core#altLabel&amp;lt;/URI&amp;gt;
          &amp;lt;type&amp;gt;String&amp;lt;/type&amp;gt;
          &amp;lt;language&amp;gt;es&amp;lt;/language&amp;gt;
        &amp;lt;/cz.cuni.mff.xrg.uv.transformer.tabular.column.ColumnInfo__V1&amp;gt;
      &amp;lt;/entry&amp;gt;
      &amp;lt;entry&amp;gt;
        &amp;lt;string&amp;gt;col2&amp;lt;/string&amp;gt;
        &amp;lt;cz.cuni.mff.xrg.uv.transformer.tabular.column.ColumnInfo__V1&amp;gt;
          &amp;lt;URI&amp;gt;http://www.w3.org/2004/02/skos/core#notation&amp;lt;/URI&amp;gt;
          &amp;lt;type&amp;gt;String&amp;lt;/type&amp;gt;
        &amp;lt;/cz.cuni.mff.xrg.uv.transformer.tabular.column.ColumnInfo__V1&amp;gt;
      &amp;lt;/entry&amp;gt;
    &amp;lt;/columnsInfo&amp;gt;
    &amp;lt;columnsInfoAdv class=&amp;quot;linked-list&amp;quot;/&amp;gt;
    &amp;lt;namedCells class=&amp;quot;linked-list&amp;quot;/&amp;gt;
    &amp;lt;quoteChar&amp;gt;&amp;lt;/quoteChar&amp;gt;
    &amp;lt;delimiterChar&amp;gt;;&amp;lt;/delimiterChar&amp;gt;
    &amp;lt;linesToIgnore&amp;gt;28&amp;lt;/linesToIgnore&amp;gt;
    &amp;lt;encoding&amp;gt;ISO-8859-2&amp;lt;/encoding&amp;gt;
    &amp;lt;rowsLimit&amp;gt;259&amp;lt;/rowsLimit&amp;gt;
    &amp;lt;tableType&amp;gt;CSV&amp;lt;/tableType&amp;gt;
    &amp;lt;hasHeader&amp;gt;false&amp;lt;/hasHeader&amp;gt;
    &amp;lt;generateNew&amp;gt;false&amp;lt;/generateNew&amp;gt;
    &amp;lt;ignoreBlankCells&amp;gt;true&amp;lt;/ignoreBlankCells&amp;gt;
    &amp;lt;advancedKeyColumn&amp;gt;false&amp;lt;/advancedKeyColumn&amp;gt;
    &amp;lt;rowsClass&amp;gt;http://www.w3.org/2004/02/skos/core#Concept&amp;lt;/rowsClass&amp;gt;
    &amp;lt;staticRowCounter&amp;gt;false&amp;lt;/staticRowCounter&amp;gt;
    &amp;lt;generateRowTriple&amp;gt;false&amp;lt;/generateRowTriple&amp;gt;
    &amp;lt;useTableSubject&amp;gt;false&amp;lt;/useTableSubject&amp;gt;
    &amp;lt;autoAsStrings&amp;gt;false&amp;lt;/autoAsStrings&amp;gt;
    &amp;lt;generateTableClass&amp;gt;false&amp;lt;/generateTableClass&amp;gt;
    &amp;lt;generateLabels&amp;gt;false&amp;lt;/generateLabels&amp;gt;
    &amp;lt;stripHeader&amp;gt;false&amp;lt;/stripHeader&amp;gt;
    &amp;lt;dbfTrimString&amp;gt;false&amp;lt;/dbfTrimString&amp;gt;
    &amp;lt;xlsAdvancedDoubleParser&amp;gt;false&amp;lt;/xlsAdvancedDoubleParser&amp;gt;
    &amp;lt;ignoreMissingColumn&amp;gt;false&amp;lt;/ignoreMissingColumn&amp;gt;
  &amp;lt;/cz.cuni.mff.xrg.uv.transformer.tabular.TabularConfig__V2&amp;gt;
&amp;lt;/object-stream&amp;gt;&lt;/string&gt;
      &lt;/entry&gt;
      &lt;entry&gt;
        &lt;string&gt;addon/faultToleranceWrap&lt;/string&gt;
        &lt;string&gt;&amp;lt;object-stream&amp;gt;
  &amp;lt;eu.unifiedviews.helpers.dpu.extension.faulttolerance.FaultTolerance_-Configuration__V1&amp;gt;
    &amp;lt;enabled&amp;gt;false&amp;lt;/enabled&amp;gt;
    &amp;lt;exceptionNames class=&amp;quot;linked-list&amp;quot;/&amp;gt;
    &amp;lt;maxRetryCount&amp;gt;-1&amp;lt;/maxRetryCount&amp;gt;
  &amp;lt;/eu.unifiedviews.helpers.dpu.extension.faulttolerance.FaultTolerance_-Configuration__V1&amp;gt;
&amp;lt;/object-stream&amp;gt;&lt;/string&gt;
      &lt;/entry&gt;
    &lt;/configurations&gt;
  &lt;/MasterConfigObject&gt;
&lt;/object-stream&gt;</rawConf>
            <template reference="../../../../cz.cuni.mff.xrg.odcs.commons.app.pipeline.graph.Edge[4]/to/dpuInstance/template"/>
            <useDPUDescription>false</useDPUDescription>
            <useTemplateConfig>false</useTemplateConfig>
          </dpuInstance>
          <executions class="org.eclipse.persistence.indirection.IndirectSet"/>
          <graph reference="../../../.."/>
          <position>
            <x>616</x>
            <y>213</y>
          </position>
        </from>
        <graph reference="../../.."/>
        <script>triplifiedTable -&gt; rdfInput;</script>
        <to reference="../../cz.cuni.mff.xrg.odcs.commons.app.pipeline.graph.Edge[3]/from"/>
      </cz.cuni.mff.xrg.odcs.commons.app.pipeline.graph.Edge>
      <cz.cuni.mff.xrg.odcs.commons.app.pipeline.graph.Edge>
        <from>
          <dpuInstance>
            <description></description>
            <menuName>uv-t-rdfGraphMerger</menuName>
            <messageRecords class="org.eclipse.persistence.indirection.IndirectSet"/>
            <name>uv-t-rdfGraphMerger</name>
            <node reference="../.."/>
            <rawConf>&lt;object-stream&gt;
  &lt;MasterConfigObject&gt;
    &lt;configurations&gt;
      &lt;entry&gt;
        &lt;string&gt;addon/faultToleranceWrap&lt;/string&gt;
        &lt;string&gt;&amp;lt;object-stream&amp;gt;
  &amp;lt;eu.unifiedviews.helpers.dpu.extension.faulttolerance.FaultTolerance_-Configuration__V1&amp;gt;
    &amp;lt;enabled&amp;gt;false&amp;lt;/enabled&amp;gt;
    &amp;lt;exceptionNames class=&amp;quot;linked-list&amp;quot;/&amp;gt;
    &amp;lt;maxRetryCount&amp;gt;-1&amp;lt;/maxRetryCount&amp;gt;
  &amp;lt;/eu.unifiedviews.helpers.dpu.extension.faulttolerance.FaultTolerance_-Configuration__V1&amp;gt;
&amp;lt;/object-stream&amp;gt;&lt;/string&gt;
      &lt;/entry&gt;
      &lt;entry&gt;
        &lt;string&gt;dpu_config&lt;/string&gt;
        &lt;string&gt;&amp;lt;object-stream&amp;gt;
  &amp;lt;eu.unifiedviews.plugins.transformer.rdfgraphmerger.RdfGraphMergerConfig__V1&amp;gt;
    &amp;lt;virtualGraph&amp;gt;&amp;lt;/virtualGraph&amp;gt;
  &amp;lt;/eu.unifiedviews.plugins.transformer.rdfgraphmerger.RdfGraphMergerConfig__V1&amp;gt;
&amp;lt;/object-stream&amp;gt;&lt;/string&gt;
      &lt;/entry&gt;
    &lt;/configurations&gt;
  &lt;/MasterConfigObject&gt;
&lt;/object-stream&gt;</rawConf>
            <template>
              <description></description>
              <jarName>uv-t-rdfGraphMerger-1.0.1.jar</jarName>
              <menuName>uv-t-rdfGraphMerger</menuName>
              <name>uv-t-rdfGraphMerger</name>
              <rawConf>&lt;object-stream&gt;
  &lt;MasterConfigObject&gt;
    &lt;configurations&gt;
      &lt;entry&gt;
        &lt;string&gt;dpu_config&lt;/string&gt;
        &lt;string&gt;&amp;lt;object-stream&amp;gt;
  &amp;lt;eu.unifiedviews.plugins.transformer.rdfgraphmerger.RdfGraphMergerConfig__V1/&amp;gt;
&amp;lt;/object-stream&amp;gt;&lt;/string&gt;
      &lt;/entry&gt;
    &lt;/configurations&gt;
  &lt;/MasterConfigObject&gt;
&lt;/object-stream&gt;</rawConf>
              <useDPUDescription>false</useDPUDescription>
            </template>
            <useDPUDescription>false</useDPUDescription>
            <useTemplateConfig>false</useTemplateConfig>
          </dpuInstance>
          <executions class="org.eclipse.persistence.indirection.IndirectSet"/>
          <graph reference="../../../.."/>
          <position>
            <x>417</x>
            <y>382</y>
          </position>
        </from>
        <graph reference="../../.."/>
        <script>output -&gt; input;</script>
        <to reference="../../cz.cuni.mff.xrg.odcs.commons.app.pipeline.graph.Edge[6]/from"/>
      </cz.cuni.mff.xrg.odcs.commons.app.pipeline.graph.Edge>
      <cz.cuni.mff.xrg.odcs.commons.app.pipeline.graph.Edge>
        <from reference="../../cz.cuni.mff.xrg.odcs.commons.app.pipeline.graph.Edge[8]/from"/>
        <graph reference="../../.."/>
        <script>output -&gt; input;</script>
        <to reference="../../cz.cuni.mff.xrg.odcs.commons.app.pipeline.graph.Edge/from"/>
      </cz.cuni.mff.xrg.odcs.commons.app.pipeline.graph.Edge>
      <cz.cuni.mff.xrg.odcs.commons.app.pipeline.graph.Edge>
        <from reference="../../cz.cuni.mff.xrg.odcs.commons.app.pipeline.graph.Edge[4]/to"/>
        <graph reference="../../.."/>
        <script>triplifiedTable -&gt; rdfInput;</script>
        <to reference="../../cz.cuni.mff.xrg.odcs.commons.app.pipeline.graph.Edge[3]/from"/>
      </cz.cuni.mff.xrg.odcs.commons.app.pipeline.graph.Edge>
      <cz.cuni.mff.xrg.odcs.commons.app.pipeline.graph.Edge>
        <from reference="../../cz.cuni.mff.xrg.odcs.commons.app.pipeline.graph.Edge[2]/from"/>
        <graph reference="../../.."/>
        <script>output -&gt; input;</script>
        <to>
          <dpuInstance>
            <description></description>
            <menuName>uv-t-filesRenamer</menuName>
            <messageRecords class="org.eclipse.persistence.indirection.IndirectSet"/>
            <name>uv-t-filesRenamer</name>
            <node reference="../.."/>
            <rawConf>&lt;object-stream&gt;
  &lt;MasterConfigObject&gt;
    &lt;configurations&gt;
      &lt;entry&gt;
        &lt;string&gt;addon/faultToleranceWrap&lt;/string&gt;
        &lt;string&gt;&amp;lt;object-stream&amp;gt;
  &amp;lt;eu.unifiedviews.helpers.dpu.extension.faulttolerance.FaultTolerance_-Configuration__V1&amp;gt;
    &amp;lt;enabled&amp;gt;false&amp;lt;/enabled&amp;gt;
    &amp;lt;exceptionNames class=&amp;quot;linked-list&amp;quot;/&amp;gt;
    &amp;lt;maxRetryCount&amp;gt;-1&amp;lt;/maxRetryCount&amp;gt;
  &amp;lt;/eu.unifiedviews.helpers.dpu.extension.faulttolerance.FaultTolerance_-Configuration__V1&amp;gt;
&amp;lt;/object-stream&amp;gt;&lt;/string&gt;
      &lt;/entry&gt;
      &lt;entry&gt;
        &lt;string&gt;dpu_config&lt;/string&gt;
        &lt;string&gt;&amp;lt;object-stream&amp;gt;
  &amp;lt;eu.unifiedviews.plugins.transformer.filesrenamer.RenamerConfig__V1&amp;gt;
    &amp;lt;pattern&amp;gt;Estractrura&amp;lt;/pattern&amp;gt;
    &amp;lt;replaceText&amp;gt;2&amp;lt;/replaceText&amp;gt;
    &amp;lt;useAdvanceReplace&amp;gt;false&amp;lt;/useAdvanceReplace&amp;gt;
  &amp;lt;/eu.unifiedviews.plugins.transformer.filesrenamer.RenamerConfig__V1&amp;gt;
&amp;lt;/object-stream&amp;gt;&lt;/string&gt;
      &lt;/entry&gt;
    &lt;/configurations&gt;
  &lt;/MasterConfigObject&gt;
&lt;/object-stream&gt;</rawConf>
            <template reference="../../../../cz.cuni.mff.xrg.odcs.commons.app.pipeline.graph.Edge[2]/to/dpuInstance/template"/>
            <useDPUDescription>false</useDPUDescription>
            <useTemplateConfig>false</useTemplateConfig>
          </dpuInstance>
          <executions class="org.eclipse.persistence.indirection.IndirectSet"/>
          <graph reference="../../../.."/>
          <position>
            <x>243</x>
            <y>143</y>
          </position>
        </to>
      </cz.cuni.mff.xrg.odcs.commons.app.pipeline.graph.Edge>
      <cz.cuni.mff.xrg.odcs.commons.app.pipeline.graph.Edge>
        <from>
          <dpuInstance>
            <description></description>
            <menuName>uv-t-sparqlUpdate</menuName>
            <messageRecords class="org.eclipse.persistence.indirection.IndirectSet"/>
            <name>uv-t-sparqlUpdate</name>
            <node reference="../.."/>
            <rawConf>&lt;object-stream&gt;
  &lt;MasterConfigObject&gt;
    &lt;configurations&gt;
      &lt;entry&gt;
        &lt;string&gt;addon/faultToleranceWrap&lt;/string&gt;
        &lt;string&gt;&amp;lt;object-stream&amp;gt;
  &amp;lt;eu.unifiedviews.helpers.dpu.extension.faulttolerance.FaultTolerance_-Configuration__V1&amp;gt;
    &amp;lt;enabled&amp;gt;false&amp;lt;/enabled&amp;gt;
    &amp;lt;exceptionNames class=&amp;quot;linked-list&amp;quot;/&amp;gt;
    &amp;lt;maxRetryCount&amp;gt;-1&amp;lt;/maxRetryCount&amp;gt;
  &amp;lt;/eu.unifiedviews.helpers.dpu.extension.faulttolerance.FaultTolerance_-Configuration__V1&amp;gt;
&amp;lt;/object-stream&amp;gt;&lt;/string&gt;
      &lt;/entry&gt;
      &lt;entry&gt;
        &lt;string&gt;dpu_config&lt;/string&gt;
        &lt;string&gt;&amp;lt;object-stream&amp;gt;
  &amp;lt;cz.cuni.mff.xrg.uv.transformer.sparql.update.SparqlUpdateConfig__V1&amp;gt;
    &amp;lt;query&amp;gt;INSERT DATA {
&amp;amp;lt;http://data.openbudgets.eu/resource/codelist/estructura_financiacion_g_aragon_2013&amp;amp;gt; a skos:ConceptScheme .
&amp;amp;lt;http://data.openbudgets.eu/resource/codelist/estructura_financiacion_g_aragon_2013&amp;amp;gt; rdfs:label &amp;amp;quot;Estructura Financiacion Gasto Aragon 2013&amp;amp;quot;@en.
}&amp;lt;/query&amp;gt;
    &amp;lt;perGraph&amp;gt;true&amp;lt;/perGraph&amp;gt;
  &amp;lt;/cz.cuni.mff.xrg.uv.transformer.sparql.update.SparqlUpdateConfig__V1&amp;gt;
&amp;lt;/object-stream&amp;gt;&lt;/string&gt;
      &lt;/entry&gt;
    &lt;/configurations&gt;
  &lt;/MasterConfigObject&gt;
&lt;/object-stream&gt;</rawConf>
            <template>
              <description></description>
              <jarName>uv-t-sparqlUpdate-2.1.4.jar</jarName>
              <menuName>uv-t-sparqlUpdate</menuName>
              <name>uv-t-sparqlUpdate</name>
              <rawConf>&lt;object-stream&gt;
  &lt;MasterConfigObject&gt;
    &lt;configurations&gt;
      &lt;entry&gt;
        &lt;string&gt;dpu_config&lt;/string&gt;
        &lt;string&gt;&amp;lt;object-stream&amp;gt;
  &amp;lt;cz.cuni.mff.xrg.uv.transformer.sparql.update.SparqlUpdateConfig__V1&amp;gt;
    &amp;lt;query&amp;gt;INSERT {?s ?p ?o} WHERE {?s ?p ?o}&amp;lt;/query&amp;gt;
    &amp;lt;perGraph&amp;gt;true&amp;lt;/perGraph&amp;gt;
  &amp;lt;/cz.cuni.mff.xrg.uv.transformer.sparql.update.SparqlUpdateConfig__V1&amp;gt;
&amp;lt;/object-stream&amp;gt;&lt;/string&gt;
      &lt;/entry&gt;
    &lt;/configurations&gt;
  &lt;/MasterConfigObject&gt;
&lt;/object-stream&gt;</rawConf>
              <useDPUDescription>false</useDPUDescription>
            </template>
            <useDPUDescription>false</useDPUDescription>
            <useTemplateConfig>false</useTemplateConfig>
          </dpuInstance>
          <executions class="org.eclipse.persistence.indirection.IndirectSet"/>
          <graph reference="../../../.."/>
          <position>
            <x>186</x>
            <y>377</y>
          </position>
        </from>
        <graph reference="../../.."/>
        <script>output -&gt; input;</script>
        <to reference="../../cz.cuni.mff.xrg.odcs.commons.app.pipeline.graph.Edge[8]/from"/>
      </cz.cuni.mff.xrg.odcs.commons.app.pipeline.graph.Edge>
      <cz.cuni.mff.xrg.odcs.commons.app.pipeline.graph.Edge>
        <from>
          <dpuInstance>
            <description></description>
            <menuName>uv-t-unzipper</menuName>
            <messageRecords class="org.eclipse.persistence.indirection.IndirectSet"/>
            <name>uv-t-unzipper</name>
            <node reference="../.."/>
            <rawConf>&lt;object-stream&gt;
  &lt;MasterConfigObject&gt;
    &lt;configurations&gt;
      &lt;entry&gt;
        &lt;string&gt;addon/faultToleranceWrap&lt;/string&gt;
        &lt;string&gt;&amp;lt;object-stream&amp;gt;
  &amp;lt;eu.unifiedviews.helpers.dpu.extension.faulttolerance.FaultTolerance_-Configuration__V1&amp;gt;
    &amp;lt;enabled&amp;gt;false&amp;lt;/enabled&amp;gt;
    &amp;lt;exceptionNames class=&amp;quot;linked-list&amp;quot;/&amp;gt;
    &amp;lt;maxRetryCount&amp;gt;-1&amp;lt;/maxRetryCount&amp;gt;
  &amp;lt;/eu.unifiedviews.helpers.dpu.extension.faulttolerance.FaultTolerance_-Configuration__V1&amp;gt;
&amp;lt;/object-stream&amp;gt;&lt;/string&gt;
      &lt;/entry&gt;
      &lt;entry&gt;
        &lt;string&gt;dpu_config&lt;/string&gt;
        &lt;string&gt;&amp;lt;object-stream&amp;gt;
  &amp;lt;eu.unifiedviews.plugins.transformer.unzipper.UnZipperConfig__V1&amp;gt;
    &amp;lt;notPrefixed&amp;gt;false&amp;lt;/notPrefixed&amp;gt;
  &amp;lt;/eu.unifiedviews.plugins.transformer.unzipper.UnZipperConfig__V1&amp;gt;
&amp;lt;/object-stream&amp;gt;&lt;/string&gt;
      &lt;/entry&gt;
    &lt;/configurations&gt;
  &lt;/MasterConfigObject&gt;
&lt;/object-stream&gt;</rawConf>
            <template>
              <description></description>
              <jarName>uv-t-unzipper-2.1.3.jar</jarName>
              <menuName>uv-t-unzipper</menuName>
              <name>uv-t-unzipper</name>
              <rawConf>&lt;object-stream&gt;
  &lt;MasterConfigObject&gt;
    &lt;configurations&gt;
      &lt;entry&gt;
        &lt;string&gt;dpu_config&lt;/string&gt;
        &lt;string&gt;&amp;lt;object-stream&amp;gt;
  &amp;lt;eu.unifiedviews.plugins.transformer.unzipper.UnZipperConfig__V1&amp;gt;
    &amp;lt;notPrefixed&amp;gt;false&amp;lt;/notPrefixed&amp;gt;
  &amp;lt;/eu.unifiedviews.plugins.transformer.unzipper.UnZipperConfig__V1&amp;gt;
&amp;lt;/object-stream&amp;gt;&lt;/string&gt;
      &lt;/entry&gt;
    &lt;/configurations&gt;
  &lt;/MasterConfigObject&gt;
&lt;/object-stream&gt;</rawConf>
              <useDPUDescription>false</useDPUDescription>
            </template>
            <useDPUDescription>false</useDPUDescription>
            <useTemplateConfig>false</useTemplateConfig>
          </dpuInstance>
          <executions class="org.eclipse.persistence.indirection.IndirectSet"/>
          <graph reference="../../../.."/>
          <position>
            <x>258</x>
            <y>71</y>
          </position>
        </from>
        <graph reference="../../.."/>
        <script>output -&gt; input;</script>
        <to reference="../../cz.cuni.mff.xrg.odcs.commons.app.pipeline.graph.Edge[2]/from"/>
      </cz.cuni.mff.xrg.odcs.commons.app.pipeline.graph.Edge>
      <cz.cuni.mff.xrg.odcs.commons.app.pipeline.graph.Edge>
        <from reference="../../cz.cuni.mff.xrg.odcs.commons.app.pipeline.graph.Edge[3]/to"/>
        <graph reference="../../.."/>
        <script>output -&gt; input;</script>
        <to reference="../../cz.cuni.mff.xrg.odcs.commons.app.pipeline.graph.Edge[8]/from"/>
      </cz.cuni.mff.xrg.odcs.commons.app.pipeline.graph.Edge>
      <cz.cuni.mff.xrg.odcs.commons.app.pipeline.graph.Edge>
        <from reference="../../cz.cuni.mff.xrg.odcs.commons.app.pipeline.graph.Edge[2]/from"/>
        <graph reference="../../.."/>
        <script>output -&gt; input;</script>
        <to>
          <dpuInstance>
            <description></description>
            <menuName>uv-t-filesRenamer</menuName>
            <messageRecords class="org.eclipse.persistence.indirection.IndirectSet"/>
            <name>uv-t-filesRenamer</name>
            <node reference="../.."/>
            <rawConf>&lt;object-stream&gt;
  &lt;MasterConfigObject&gt;
    &lt;configurations&gt;
      &lt;entry&gt;
        &lt;string&gt;addon/faultToleranceWrap&lt;/string&gt;
        &lt;string&gt;&amp;lt;object-stream&amp;gt;
  &amp;lt;eu.unifiedviews.helpers.dpu.extension.faulttolerance.FaultTolerance_-Configuration__V1&amp;gt;
    &amp;lt;enabled&amp;gt;false&amp;lt;/enabled&amp;gt;
    &amp;lt;exceptionNames class=&amp;quot;linked-list&amp;quot;/&amp;gt;
    &amp;lt;maxRetryCount&amp;gt;-1&amp;lt;/maxRetryCount&amp;gt;
  &amp;lt;/eu.unifiedviews.helpers.dpu.extension.faulttolerance.FaultTolerance_-Configuration__V1&amp;gt;
&amp;lt;/object-stream&amp;gt;&lt;/string&gt;
      &lt;/entry&gt;
      &lt;entry&gt;
        &lt;string&gt;dpu_config&lt;/string&gt;
        &lt;string&gt;&amp;lt;object-stream&amp;gt;
  &amp;lt;eu.unifiedviews.plugins.transformer.filesrenamer.RenamerConfig__V1&amp;gt;
    &amp;lt;pattern&amp;gt;Estractrura&amp;lt;/pattern&amp;gt;
    &amp;lt;replaceText&amp;gt;3&amp;lt;/replaceText&amp;gt;
    &amp;lt;useAdvanceReplace&amp;gt;false&amp;lt;/useAdvanceReplace&amp;gt;
  &amp;lt;/eu.unifiedviews.plugins.transformer.filesrenamer.RenamerConfig__V1&amp;gt;
&amp;lt;/object-stream&amp;gt;&lt;/string&gt;
      &lt;/entry&gt;
    &lt;/configurations&gt;
  &lt;/MasterConfigObject&gt;
&lt;/object-stream&gt;</rawConf>
            <template reference="../../../../cz.cuni.mff.xrg.odcs.commons.app.pipeline.graph.Edge[2]/to/dpuInstance/template"/>
            <useDPUDescription>false</useDPUDescription>
            <useTemplateConfig>false</useTemplateConfig>
          </dpuInstance>
          <executions class="org.eclipse.persistence.indirection.IndirectSet"/>
          <graph reference="../../../.."/>
          <position>
            <x>630</x>
            <y>123</y>
          </position>
        </to>
      </cz.cuni.mff.xrg.odcs.commons.app.pipeline.graph.Edge>
      <cz.cuni.mff.xrg.odcs.commons.app.pipeline.graph.Edge>
        <from>
          <dpuInstance>
            <description></description>
            <menuName>uv-e-filesDownload</menuName>
            <messageRecords class="org.eclipse.persistence.indirection.IndirectSet"/>
            <name>uv-e-filesDownload</name>
            <node reference="../.."/>
            <rawConf>&lt;object-stream&gt;
  &lt;MasterConfigObject&gt;
    &lt;configurations&gt;
      &lt;entry&gt;
        &lt;string&gt;addon/faultToleranceWrap&lt;/string&gt;
        &lt;string&gt;&amp;lt;object-stream&amp;gt;
  &amp;lt;eu.unifiedviews.helpers.dpu.extension.faulttolerance.FaultTolerance_-Configuration__V1&amp;gt;
    &amp;lt;enabled&amp;gt;false&amp;lt;/enabled&amp;gt;
    &amp;lt;exceptionNames class=&amp;quot;linked-list&amp;quot;/&amp;gt;
    &amp;lt;maxRetryCount&amp;gt;-1&amp;lt;/maxRetryCount&amp;gt;
  &amp;lt;/eu.unifiedviews.helpers.dpu.extension.faulttolerance.FaultTolerance_-Configuration__V1&amp;gt;
&amp;lt;/object-stream&amp;gt;&lt;/string&gt;
      &lt;/entry&gt;
      &lt;entry&gt;
        &lt;string&gt;dpu_config&lt;/string&gt;
        &lt;string&gt;&amp;lt;object-stream&amp;gt;
  &amp;lt;eu.unifiedviews.plugins.extractor.filesdownload.FilesDownloadConfig__V1&amp;gt;
    &amp;lt;vfsFiles&amp;gt;
      &amp;lt;eu.unifiedviews.plugins.extractor.filesdownload.VfsFile&amp;gt;
        &amp;lt;uri&amp;gt;http://opendata.aragon.es/catalogo/opendata/presupuestos/Presupuesto%202013.zip&amp;lt;/uri&amp;gt;
        &amp;lt;username&amp;gt;&amp;lt;/username&amp;gt;
        &amp;lt;password&amp;gt;&amp;lt;/password&amp;gt;
        &amp;lt;fileName&amp;gt;&amp;lt;/fileName&amp;gt;
      &amp;lt;/eu.unifiedviews.plugins.extractor.filesdownload.VfsFile&amp;gt;
    &amp;lt;/vfsFiles&amp;gt;
    &amp;lt;softFail&amp;gt;false&amp;lt;/softFail&amp;gt;
    &amp;lt;defaultTimeout&amp;gt;20000&amp;lt;/defaultTimeout&amp;gt;
    &amp;lt;ignoreTlsErrors&amp;gt;false&amp;lt;/ignoreTlsErrors&amp;gt;
  &amp;lt;/eu.unifiedviews.plugins.extractor.filesdownload.FilesDownloadConfig__V1&amp;gt;
&amp;lt;/object-stream&amp;gt;&lt;/string&gt;
      &lt;/entry&gt;
    &lt;/configurations&gt;
  &lt;/MasterConfigObject&gt;
&lt;/object-stream&gt;</rawConf>
            <template>
              <description></description>
              <jarName>uv-e-filesDownload-2.1.4.jar</jarName>
              <menuName>uv-e-filesDownload</menuName>
              <name>uv-e-filesDownload</name>
              <rawConf>&lt;object-stream&gt;
  &lt;MasterConfigObject&gt;
    &lt;configurations&gt;
      &lt;entry&gt;
        &lt;string&gt;dpu_config&lt;/string&gt;
        &lt;string&gt;&amp;lt;object-stream&amp;gt;
  &amp;lt;eu.unifiedviews.plugins.extractor.filesdownload.FilesDownloadConfig__V1&amp;gt;
    &amp;lt;vfsFiles class=&amp;quot;linked-list&amp;quot;/&amp;gt;
    &amp;lt;softFail&amp;gt;false&amp;lt;/softFail&amp;gt;
    &amp;lt;defaultTimeout&amp;gt;20000&amp;lt;/defaultTimeout&amp;gt;
    &amp;lt;ignoreTlsErrors&amp;gt;false&amp;lt;/ignoreTlsErrors&amp;gt;
  &amp;lt;/eu.unifiedviews.plugins.extractor.filesdownload.FilesDownloadConfig__V1&amp;gt;
&amp;lt;/object-stream&amp;gt;&lt;/string&gt;
      &lt;/entry&gt;
    &lt;/configurations&gt;
  &lt;/MasterConfigObject&gt;
&lt;/object-stream&gt;</rawConf>
              <useDPUDescription>false</useDPUDescription>
            </template>
            <useDPUDescription>false</useDPUDescription>
            <useTemplateConfig>false</useTemplateConfig>
          </dpuInstance>
          <executions class="org.eclipse.persistence.indirection.IndirectSet"/>
          <graph reference="../../../.."/>
          <position>
            <x>421</x>
            <y>1</y>
          </position>
        </from>
        <graph reference="../../.."/>
        <script>output -&gt; input;</script>
        <to reference="../../cz.cuni.mff.xrg.odcs.commons.app.pipeline.graph.Edge[13]/from"/>
      </cz.cuni.mff.xrg.odcs.commons.app.pipeline.graph.Edge>
      <cz.cuni.mff.xrg.odcs.commons.app.pipeline.graph.Edge>
        <from reference="../../cz.cuni.mff.xrg.odcs.commons.app.pipeline.graph.Edge[5]/to"/>
        <graph reference="../../.."/>
        <script>output -&gt; input;</script>
        <to reference="../../cz.cuni.mff.xrg.odcs.commons.app.pipeline.graph.Edge[8]/from"/>
      </cz.cuni.mff.xrg.odcs.commons.app.pipeline.graph.Edge>
      <cz.cuni.mff.xrg.odcs.commons.app.pipeline.graph.Edge>
        <from reference="../../cz.cuni.mff.xrg.odcs.commons.app.pipeline.graph.Edge[11]/to"/>
        <graph reference="../../.."/>
        <script>output -&gt; table;</script>
        <to>
          <dpuInstance>
            <description></description>
            <menuName>uv-t-tabular1</menuName>
            <messageRecords class="org.eclipse.persistence.indirection.IndirectSet"/>
            <name>uv-t-tabular1</name>
            <node reference="../.."/>
            <rawConf>&lt;object-stream&gt;
  &lt;MasterConfigObject&gt;
    &lt;configurations&gt;
      &lt;entry&gt;
        &lt;string&gt;dpu_config&lt;/string&gt;
        &lt;string&gt;&amp;lt;object-stream&amp;gt;
  &amp;lt;cz.cuni.mff.xrg.uv.transformer.tabular.TabularConfig__V2&amp;gt;
    &amp;lt;keyColumn&amp;gt;col3&amp;lt;/keyColumn&amp;gt;
    &amp;lt;baseURI&amp;gt;http://data.openbudgets.eu/resource/codelist/estructura_financiacion_g_aragon_2013/&amp;lt;/baseURI&amp;gt;
    &amp;lt;columnsInfo class=&amp;quot;linked-hash-map&amp;quot;&amp;gt;
      &amp;lt;entry&amp;gt;
        &amp;lt;string&amp;gt;col3&amp;lt;/string&amp;gt;
        &amp;lt;cz.cuni.mff.xrg.uv.transformer.tabular.column.ColumnInfo__V1&amp;gt;
          &amp;lt;URI&amp;gt;http://www.w3.org/2004/02/skos/core#note&amp;lt;/URI&amp;gt;
          &amp;lt;type&amp;gt;String&amp;lt;/type&amp;gt;
        &amp;lt;/cz.cuni.mff.xrg.uv.transformer.tabular.column.ColumnInfo__V1&amp;gt;
      &amp;lt;/entry&amp;gt;
      &amp;lt;entry&amp;gt;
        &amp;lt;string&amp;gt;col7&amp;lt;/string&amp;gt;
        &amp;lt;cz.cuni.mff.xrg.uv.transformer.tabular.column.ColumnInfo__V1&amp;gt;
          &amp;lt;URI&amp;gt;http://www.w3.org/2004/02/skos/core#prefLabel&amp;lt;/URI&amp;gt;
          &amp;lt;type&amp;gt;String&amp;lt;/type&amp;gt;
          &amp;lt;language&amp;gt;es&amp;lt;/language&amp;gt;
        &amp;lt;/cz.cuni.mff.xrg.uv.transformer.tabular.column.ColumnInfo__V1&amp;gt;
      &amp;lt;/entry&amp;gt;
      &amp;lt;entry&amp;gt;
        &amp;lt;string&amp;gt;col6&amp;lt;/string&amp;gt;
        &amp;lt;cz.cuni.mff.xrg.uv.transformer.tabular.column.ColumnInfo__V1&amp;gt;
          &amp;lt;URI&amp;gt;http://www.w3.org/2004/02/skos/core#altLabel&amp;lt;/URI&amp;gt;
          &amp;lt;type&amp;gt;String&amp;lt;/type&amp;gt;
          &amp;lt;language&amp;gt;es&amp;lt;/language&amp;gt;
        &amp;lt;/cz.cuni.mff.xrg.uv.transformer.tabular.column.ColumnInfo__V1&amp;gt;
      &amp;lt;/entry&amp;gt;
      &amp;lt;entry&amp;gt;
        &amp;lt;string&amp;gt;col2&amp;lt;/string&amp;gt;
        &amp;lt;cz.cuni.mff.xrg.uv.transformer.tabular.column.ColumnInfo__V1&amp;gt;
          &amp;lt;URI&amp;gt;http://www.w3.org/2004/02/skos/core#notation&amp;lt;/URI&amp;gt;
          &amp;lt;type&amp;gt;String&amp;lt;/type&amp;gt;
        &amp;lt;/cz.cuni.mff.xrg.uv.transformer.tabular.column.ColumnInfo__V1&amp;gt;
      &amp;lt;/entry&amp;gt;
    &amp;lt;/columnsInfo&amp;gt;
    &amp;lt;columnsInfoAdv class=&amp;quot;linked-list&amp;quot;/&amp;gt;
    &amp;lt;namedCells class=&amp;quot;linked-list&amp;quot;/&amp;gt;
    &amp;lt;quoteChar&amp;gt;&amp;lt;/quoteChar&amp;gt;
    &amp;lt;delimiterChar&amp;gt;;&amp;lt;/delimiterChar&amp;gt;
    &amp;lt;linesToIgnore&amp;gt;1&amp;lt;/linesToIgnore&amp;gt;
    &amp;lt;encoding&amp;gt;ISO-8859-2&amp;lt;/encoding&amp;gt;
    &amp;lt;rowsLimit&amp;gt;5&amp;lt;/rowsLimit&amp;gt;
    &amp;lt;tableType&amp;gt;CSV&amp;lt;/tableType&amp;gt;
    &amp;lt;hasHeader&amp;gt;false&amp;lt;/hasHeader&amp;gt;
    &amp;lt;generateNew&amp;gt;false&amp;lt;/generateNew&amp;gt;
    &amp;lt;ignoreBlankCells&amp;gt;true&amp;lt;/ignoreBlankCells&amp;gt;
    &amp;lt;advancedKeyColumn&amp;gt;false&amp;lt;/advancedKeyColumn&amp;gt;
    &amp;lt;rowsClass&amp;gt;http://www.w3.org/2004/02/skos/core#Concept&amp;lt;/rowsClass&amp;gt;
    &amp;lt;staticRowCounter&amp;gt;false&amp;lt;/staticRowCounter&amp;gt;
    &amp;lt;generateRowTriple&amp;gt;false&amp;lt;/generateRowTriple&amp;gt;
    &amp;lt;useTableSubject&amp;gt;false&amp;lt;/useTableSubject&amp;gt;
    &amp;lt;autoAsStrings&amp;gt;false&amp;lt;/autoAsStrings&amp;gt;
    &amp;lt;generateTableClass&amp;gt;false&amp;lt;/generateTableClass&amp;gt;
    &amp;lt;generateLabels&amp;gt;false&amp;lt;/generateLabels&amp;gt;
    &amp;lt;stripHeader&amp;gt;false&amp;lt;/stripHeader&amp;gt;
    &amp;lt;dbfTrimString&amp;gt;false&amp;lt;/dbfTrimString&amp;gt;
    &amp;lt;xlsAdvancedDoubleParser&amp;gt;false&amp;lt;/xlsAdvancedDoubleParser&amp;gt;
    &amp;lt;ignoreMissingColumn&amp;gt;false&amp;lt;/ignoreMissingColumn&amp;gt;
  &amp;lt;/cz.cuni.mff.xrg.uv.transformer.tabular.TabularConfig__V2&amp;gt;
&amp;lt;/object-stream&amp;gt;&lt;/string&gt;
      &lt;/entry&gt;
      &lt;entry&gt;
        &lt;string&gt;addon/faultToleranceWrap&lt;/string&gt;
        &lt;string&gt;&amp;lt;object-stream&amp;gt;
  &amp;lt;eu.unifiedviews.helpers.dpu.extension.faulttolerance.FaultTolerance_-Configuration__V1&amp;gt;
    &amp;lt;enabled&amp;gt;false&amp;lt;/enabled&amp;gt;
    &amp;lt;exceptionNames class=&amp;quot;linked-list&amp;quot;/&amp;gt;
    &amp;lt;maxRetryCount&amp;gt;-1&amp;lt;/maxRetryCount&amp;gt;
  &amp;lt;/eu.unifiedviews.helpers.dpu.extension.faulttolerance.FaultTolerance_-Configuration__V1&amp;gt;
&amp;lt;/object-stream&amp;gt;&lt;/string&gt;
      &lt;/entry&gt;
    &lt;/configurations&gt;
  &lt;/MasterConfigObject&gt;
&lt;/object-stream&gt;</rawConf>
            <template reference="../../../../cz.cuni.mff.xrg.odcs.commons.app.pipeline.graph.Edge[4]/to/dpuInstance/template"/>
            <useDPUDescription>false</useDPUDescription>
            <useTemplateConfig>false</useTemplateConfig>
          </dpuInstance>
          <executions class="org.eclipse.persistence.indirection.IndirectSet"/>
          <graph reference="../../../.."/>
          <position>
            <x>233</x>
            <y>204</y>
          </position>
        </to>
      </cz.cuni.mff.xrg.odcs.commons.app.pipeline.graph.Edge>
      <cz.cuni.mff.xrg.odcs.commons.app.pipeline.graph.Edge>
        <from reference="../../cz.cuni.mff.xrg.odcs.commons.app.pipeline.graph.Edge[15]/to"/>
        <graph reference="../../.."/>
        <script>output -&gt; table;</script>
        <to reference="../../cz.cuni.mff.xrg.odcs.commons.app.pipeline.graph.Edge[7]/from"/>
      </cz.cuni.mff.xrg.odcs.commons.app.pipeline.graph.Edge>
      <cz.cuni.mff.xrg.odcs.commons.app.pipeline.graph.Edge>
        <from reference="../../cz.cuni.mff.xrg.odcs.commons.app.pipeline.graph.Edge[18]/to"/>
        <graph reference="../../.."/>
        <script>triplifiedTable -&gt; rdfInput;</script>
        <to reference="../../cz.cuni.mff.xrg.odcs.commons.app.pipeline.graph.Edge[3]/from"/>
      </cz.cuni.mff.xrg.odcs.commons.app.pipeline.graph.Edge>
      <cz.cuni.mff.xrg.odcs.commons.app.pipeline.graph.Edge>
        <from reference="../../cz.cuni.mff.xrg.odcs.commons.app.pipeline.graph.Edge[3]/from"/>
        <graph reference="../../.."/>
        <script>rdfOutput -&gt; input;</script>
        <to reference="../../cz.cuni.mff.xrg.odcs.commons.app.pipeline.graph.Edge[12]/from"/>
      </cz.cuni.mff.xrg.odcs.commons.app.pipeline.graph.Edge>
      <cz.cuni.mff.xrg.odcs.commons.app.pipeline.graph.Edge>
        <from reference="../../cz.cuni.mff.xrg.odcs.commons.app.pipeline.graph.Edge[3]/from"/>
        <graph reference="../../.."/>
        <script>rdfOutput -&gt; input;</script>
        <to reference="../../cz.cuni.mff.xrg.odcs.commons.app.pipeline.graph.Edge[8]/from"/>
      </cz.cuni.mff.xrg.odcs.commons.app.pipeline.graph.Edge>
    </edges>
    <nodes>
      <cz.cuni.mff.xrg.odcs.commons.app.pipeline.graph.Node reference="../../edges/cz.cuni.mff.xrg.odcs.commons.app.pipeline.graph.Edge/from"/>
      <cz.cuni.mff.xrg.odcs.commons.app.pipeline.graph.Node reference="../../edges/cz.cuni.mff.xrg.odcs.commons.app.pipeline.graph.Edge[8]/from"/>
      <cz.cuni.mff.xrg.odcs.commons.app.pipeline.graph.Node reference="../../edges/cz.cuni.mff.xrg.odcs.commons.app.pipeline.graph.Edge[15]/to"/>
      <cz.cuni.mff.xrg.odcs.commons.app.pipeline.graph.Node reference="../../edges/cz.cuni.mff.xrg.odcs.commons.app.pipeline.graph.Edge[18]/to"/>
      <cz.cuni.mff.xrg.odcs.commons.app.pipeline.graph.Node reference="../../edges/cz.cuni.mff.xrg.odcs.commons.app.pipeline.graph.Edge[12]/from"/>
      <cz.cuni.mff.xrg.odcs.commons.app.pipeline.graph.Node reference="../../edges/cz.cuni.mff.xrg.odcs.commons.app.pipeline.graph.Edge[11]/to"/>
      <cz.cuni.mff.xrg.odcs.commons.app.pipeline.graph.Node reference="../../edges/cz.cuni.mff.xrg.odcs.commons.app.pipeline.graph.Edge[4]/to"/>
      <cz.cuni.mff.xrg.odcs.commons.app.pipeline.graph.Node reference="../../edges/cz.cuni.mff.xrg.odcs.commons.app.pipeline.graph.Edge[2]/to"/>
      <cz.cuni.mff.xrg.odcs.commons.app.pipeline.graph.Node reference="../../edges/cz.cuni.mff.xrg.odcs.commons.app.pipeline.graph.Edge[3]/to"/>
      <cz.cuni.mff.xrg.odcs.commons.app.pipeline.graph.Node reference="../../edges/cz.cuni.mff.xrg.odcs.commons.app.pipeline.graph.Edge[6]/from"/>
      <cz.cuni.mff.xrg.odcs.commons.app.pipeline.graph.Node reference="../../edges/cz.cuni.mff.xrg.odcs.commons.app.pipeline.graph.Edge/to"/>
      <cz.cuni.mff.xrg.odcs.commons.app.pipeline.graph.Node reference="../../edges/cz.cuni.mff.xrg.odcs.commons.app.pipeline.graph.Edge[5]/to"/>
      <cz.cuni.mff.xrg.odcs.commons.app.pipeline.graph.Node reference="../../edges/cz.cuni.mff.xrg.odcs.commons.app.pipeline.graph.Edge[13]/from"/>
      <cz.cuni.mff.xrg.odcs.commons.app.pipeline.graph.Node reference="../../edges/cz.cuni.mff.xrg.odcs.commons.app.pipeline.graph.Edge[3]/from"/>
      <cz.cuni.mff.xrg.odcs.commons.app.pipeline.graph.Node reference="../../edges/cz.cuni.mff.xrg.odcs.commons.app.pipeline.graph.Edge[7]/from"/>
      <cz.cuni.mff.xrg.odcs.commons.app.pipeline.graph.Node reference="../../edges/cz.cuni.mff.xrg.odcs.commons.app.pipeline.graph.Edge[16]/from"/>
      <cz.cuni.mff.xrg.odcs.commons.app.pipeline.graph.Node reference="../../edges/cz.cuni.mff.xrg.odcs.commons.app.pipeline.graph.Edge[2]/from"/>
    </nodes>
    <pipeline reference="../.."/>
  </graph>
  <lastChange>2016-01-18 14:08:34.0 UTC</lastChange>
  <name>Estructura Financiacion Gastos</name>
  <openEvents class="org.eclipse.persistence.indirection.IndirectSet"/>
  <schedules class="org.eclipse.persistence.indirection.IndirectSet"/>
  <shareType>PRIVATE</shareType>
</cz.cuni.mff.xrg.odcs.commons.app.pipeline.Pipeline>