<list>
  <template>
    <children class="org.eclipse.persistence.indirection.IndirectSet"/>
    <derivedDPUs class="org.eclipse.persistence.indirection.IndirectSet"/>
    <description></description>
    <jarDescription>Uploads list of files. Replaces L-FilesToLocalFS and L-FilesToScp. (commit: 97bcdcfc24da88411cbdf61000756a1ab5ec9752, build timestamp: 2015-10-06 15:00)</jarDescription>
    <jarDirectory>uv-l-filesUpload</jarDirectory>
    <jarName>uv-l-filesUpload-2.1.3.jar</jarName>
    <menuName>uv-l-filesUpload</menuName>
    <name>uv-l-filesUpload</name>
    <rawConf>&lt;object-stream&gt;
  &lt;MasterConfigObject&gt;
    &lt;configurations&gt;
      &lt;entry&gt;
        &lt;string&gt;dpu_config&lt;/string&gt;
        &lt;string&gt;&amp;lt;object-stream&amp;gt;
  &amp;lt;eu.unifiedviews.plugins.loader.filesupload.FilesUploadConfig__V1&amp;gt;
    &amp;lt;uri&amp;gt;ftps://server:21/path/&amp;lt;/uri&amp;gt;
    &amp;lt;username&amp;gt;&amp;lt;/username&amp;gt;
    &amp;lt;password&amp;gt;&amp;lt;/password&amp;gt;
    &amp;lt;softFail&amp;gt;false&amp;lt;/softFail&amp;gt;
    &amp;lt;moveFiles&amp;gt;false&amp;lt;/moveFiles&amp;gt;
  &amp;lt;/eu.unifiedviews.plugins.loader.filesupload.FilesUploadConfig__V1&amp;gt;
&amp;lt;/object-stream&amp;gt;&lt;/string&gt;
      &lt;/entry&gt;
    &lt;/configurations&gt;
  &lt;/MasterConfigObject&gt;
&lt;/object-stream&gt;</rawConf>
    <shareType>PUBLIC_RO</shareType>
    <type>LOADER</type>
    <useDPUDescription>false</useDPUDescription>
  </template>
  <template>
    <children class="org.eclipse.persistence.indirection.IndirectSet"/>
    <derivedDPUs class="org.eclipse.persistence.indirection.IndirectSet"/>
    <description></description>
    <jarDescription>Transform RDF graphs into files. (commit: 97bcdcfc24da88411cbdf61000756a1ab5ec9752, build timestamp: 2015-10-06 15:00)</jarDescription>
    <jarDirectory>uv-t-rdfToFiles</jarDirectory>
    <jarName>uv-t-rdfToFiles-2.1.4.jar</jarName>
    <menuName>uv-t-rdfToFiles</menuName>
    <name>uv-t-rdfToFiles</name>
    <rawConf>&lt;object-stream&gt;
  &lt;MasterConfigObject&gt;
    &lt;configurations&gt;
      &lt;entry&gt;
        &lt;string&gt;dpu_config&lt;/string&gt;
        &lt;string&gt;&amp;lt;object-stream&amp;gt;
  &amp;lt;eu.unifiedviews.plugins.transformer.rdftofiles.RdfToFilesConfig__V2&amp;gt;
    &amp;lt;outFileName&amp;gt;output&amp;lt;/outFileName&amp;gt;
    &amp;lt;rdfFileFormat&amp;gt;Turtle&amp;lt;/rdfFileFormat&amp;gt;
    &amp;lt;genGraphFile&amp;gt;true&amp;lt;/genGraphFile&amp;gt;
    &amp;lt;outGraphName&amp;gt;http://localhost/resource/output&amp;lt;/outGraphName&amp;gt;
  &amp;lt;/eu.unifiedviews.plugins.transformer.rdftofiles.RdfToFilesConfig__V2&amp;gt;
&amp;lt;/object-stream&amp;gt;&lt;/string&gt;
      &lt;/entry&gt;
    &lt;/configurations&gt;
  &lt;/MasterConfigObject&gt;
&lt;/object-stream&gt;</rawConf>
    <shareType>PUBLIC_RO</shareType>
    <type>TRANSFORMER</type>
    <useDPUDescription>false</useDPUDescription>
  </template>
  <template>
    <children class="org.eclipse.persistence.indirection.IndirectSet"/>
    <derivedDPUs class="org.eclipse.persistence.indirection.IndirectSet"/>
    <description></description>
    <jarDescription>Execute a single SPARQL construct query. Does not support quads! (commit: 97bcdcfc24da88411cbdf61000756a1ab5ec9752, build timestamp: 2015-10-06 15:00)</jarDescription>
    <jarDirectory>uv-t-sparqlConstruct</jarDirectory>
    <jarName>uv-t-sparqlConstruct-2.1.4.jar</jarName>
    <menuName>uv-t-sparqlConstruct</menuName>
    <name>uv-t-sparqlConstruct</name>
    <rawConf>&lt;object-stream&gt;
  &lt;MasterConfigObject&gt;
    &lt;configurations&gt;
      &lt;entry&gt;
        &lt;string&gt;dpu_config&lt;/string&gt;
        &lt;string&gt;&amp;lt;object-stream&amp;gt;
  &amp;lt;cz.cuni.mff.xrg.uv.transformer.sparql.construct.SparqlConstructConfig__V1&amp;gt;
    &amp;lt;query&amp;gt;CONSTRUCT {?s ?p ?o} WHERE {?s ?p ?o}&amp;lt;/query&amp;gt;
    &amp;lt;perGraph&amp;gt;true&amp;lt;/perGraph&amp;gt;
  &amp;lt;/cz.cuni.mff.xrg.uv.transformer.sparql.construct.SparqlConstructConfig__V1&amp;gt;
&amp;lt;/object-stream&amp;gt;&lt;/string&gt;
      &lt;/entry&gt;
    &lt;/configurations&gt;
  &lt;/MasterConfigObject&gt;
&lt;/object-stream&gt;</rawConf>
    <shareType>PUBLIC_RO</shareType>
    <type>TRANSFORMER</type>
    <useDPUDescription>false</useDPUDescription>
  </template>
  <template>
    <children class="org.eclipse.persistence.indirection.IndirectSet"/>
    <derivedDPUs class="org.eclipse.persistence.indirection.IndirectSet"/>
    <description>Template to create skos:inScheme connections with the ConceptScheme</description>
    <jarDescription>Execute a single SPARQL construct query. Does not support quads! (commit: 97bcdcfc24da88411cbdf61000756a1ab5ec9752, build timestamp: 2015-10-06 15:00)</jarDescription>
    <jarDirectory>uv-t-sparqlConstruct</jarDirectory>
    <jarName>uv-t-sparqlConstruct-2.1.4.jar</jarName>
    <menuName>Create skos:inScheme</menuName>
    <name>Create skos:inScheme</name>
    <parent reference="../../template[3]"/>
    <rawConf>&lt;object-stream&gt;
  &lt;MasterConfigObject&gt;
    &lt;configurations&gt;
      &lt;entry&gt;
        &lt;string&gt;dpu_config&lt;/string&gt;
        &lt;string&gt;&amp;lt;object-stream&amp;gt;
  &amp;lt;cz.cuni.mff.xrg.uv.transformer.sparql.construct.SparqlConstructConfig__V1&amp;gt;
    &amp;lt;query&amp;gt;CONSTRUCT {?concept &amp;amp;lt;http://www.w3.org/2004/02/skos/core#inScheme&amp;amp;gt; ?scheme} WHERE {?concept a &amp;amp;lt;http://www.w3.org/2004/02/skos/core#Concept&amp;amp;gt; . ?scheme a &amp;amp;lt;http://www.w3.org/2004/02/skos/core#ConceptScheme&amp;amp;gt; .}&amp;lt;/query&amp;gt;
    &amp;lt;perGraph&amp;gt;true&amp;lt;/perGraph&amp;gt;
  &amp;lt;/cz.cuni.mff.xrg.uv.transformer.sparql.construct.SparqlConstructConfig__V1&amp;gt;
&amp;lt;/object-stream&amp;gt;&lt;/string&gt;
      &lt;/entry&gt;
      &lt;entry&gt;
        &lt;string&gt;addon/faultToleranceWrap&lt;/string&gt;
        &lt;string&gt;&amp;lt;object-stream&amp;gt;
  &amp;lt;eu.unifiedviews.helpers.dpu.extension.faulttolerance.FaultTolerance_-Configuration__V1&amp;gt;
    &amp;lt;enabled&amp;gt;false&amp;lt;/enabled&amp;gt;
    &amp;lt;exceptionNames class=&amp;quot;linked-list&amp;quot;/&amp;gt;
    &amp;lt;maxRetryCount&amp;gt;-1&amp;lt;/maxRetryCount&amp;gt;
  &amp;lt;/eu.unifiedviews.helpers.dpu.extension.faulttolerance.FaultTolerance_-Configuration__V1&amp;gt;
&amp;lt;/object-stream&amp;gt;&lt;/string&gt;
      &lt;/entry&gt;
    &lt;/configurations&gt;
  &lt;/MasterConfigObject&gt;
&lt;/object-stream&gt;</rawConf>
    <shareType>PUBLIC_RO</shareType>
    <type>TRANSFORMER</type>
    <useDPUDescription>false</useDPUDescription>
  </template>
  <template>
    <children class="org.eclipse.persistence.indirection.IndirectSet"/>
    <derivedDPUs class="org.eclipse.persistence.indirection.IndirectSet"/>
    <description></description>
    <jarDescription>Merge multiple input graphs into one new graph. (commit: 97bcdcfc24da88411cbdf61000756a1ab5ec9752, build timestamp: 2015-10-06 15:00)</jarDescription>
    <jarDirectory>uv-t-rdfGraphMerger</jarDirectory>
    <jarName>uv-t-rdfGraphMerger-1.0.1.jar</jarName>
    <menuName>uv-t-rdfGraphMerger</menuName>
    <name>uv-t-rdfGraphMerger</name>
    <rawConf>&lt;object-stream&gt;
  &lt;MasterConfigObject&gt;
    &lt;configurations&gt;
      &lt;entry&gt;
        &lt;string&gt;dpu_config&lt;/string&gt;
        &lt;string&gt;&amp;lt;object-stream&amp;gt;
  &amp;lt;eu.unifiedviews.plugins.transformer.rdfgraphmerger.RdfGraphMergerConfig__V1/&amp;gt;
&amp;lt;/object-stream&amp;gt;&lt;/string&gt;
      &lt;/entry&gt;
    &lt;/configurations&gt;
  &lt;/MasterConfigObject&gt;
&lt;/object-stream&gt;</rawConf>
    <shareType>PUBLIC_RO</shareType>
    <type>TRANSFORMER</type>
    <useDPUDescription>false</useDPUDescription>
  </template>
  <template>
    <children class="org.eclipse.persistence.indirection.IndirectSet"/>
    <derivedDPUs class="org.eclipse.persistence.indirection.IndirectSet"/>
    <description></description>
    <jarDescription>UnZip input file into files based on zip content. (commit: 97bcdcfc24da88411cbdf61000756a1ab5ec9752, build timestamp: 2015-10-06 15:00)</jarDescription>
    <jarDirectory>uv-t-unzipper</jarDirectory>
    <jarName>uv-t-unzipper-2.1.3.jar</jarName>
    <menuName>uv-t-unzipper</menuName>
    <name>uv-t-unzipper</name>
    <rawConf>&lt;object-stream&gt;
  &lt;MasterConfigObject&gt;
    &lt;configurations&gt;
      &lt;entry&gt;
        &lt;string&gt;dpu_config&lt;/string&gt;
        &lt;string&gt;&amp;lt;object-stream&amp;gt;
  &amp;lt;eu.unifiedviews.plugins.transformer.unzipper.UnZipperConfig__V1&amp;gt;
    &amp;lt;notPrefixed&amp;gt;false&amp;lt;/notPrefixed&amp;gt;
  &amp;lt;/eu.unifiedviews.plugins.transformer.unzipper.UnZipperConfig__V1&amp;gt;
&amp;lt;/object-stream&amp;gt;&lt;/string&gt;
      &lt;/entry&gt;
    &lt;/configurations&gt;
  &lt;/MasterConfigObject&gt;
&lt;/object-stream&gt;</rawConf>
    <shareType>PUBLIC_RO</shareType>
    <type>TRANSFORMER</type>
    <useDPUDescription>false</useDPUDescription>
  </template>
  <template>
    <children class="org.eclipse.persistence.indirection.IndirectSet"/>
    <derivedDPUs class="org.eclipse.persistence.indirection.IndirectSet"/>
    <description></description>
    <jarDescription>(commit: 97bcdcfc24da88411cbdf61000756a1ab5ec9752, build timestamp: 2015-10-06 15:00)</jarDescription>
    <jarDirectory>uv-t-rdfMerger</jarDirectory>
    <jarName>uv-t-rdfMerger-2.1.3.jar</jarName>
    <menuName>uv-t-rdfMerger</menuName>
    <name>uv-t-rdfMerger</name>
    <rawConf>&lt;object-stream&gt;
  &lt;MasterConfigObject&gt;
    &lt;configurations&gt;
      &lt;entry&gt;
        &lt;string&gt;dpu_config&lt;/string&gt;
        &lt;string&gt;&amp;lt;object-stream&amp;gt;
  &amp;lt;eu.unifiedviews.plugins.transformer.rdfmerger.RdfMergerConfig__V1/&amp;gt;
&amp;lt;/object-stream&amp;gt;&lt;/string&gt;
      &lt;/entry&gt;
    &lt;/configurations&gt;
  &lt;/MasterConfigObject&gt;
&lt;/object-stream&gt;</rawConf>
    <shareType>PUBLIC_RO</shareType>
    <type>TRANSFORMER</type>
    <useDPUDescription>false</useDPUDescription>
  </template>
  <template>
    <children class="org.eclipse.persistence.indirection.IndirectSet"/>
    <derivedDPUs class="org.eclipse.persistence.indirection.IndirectSet"/>
    <description></description>
    <jarDescription>Downloads list of files. Replaces E-FilesFromLocal and E-HttpDownload. (commit: 97bcdcfc24da88411cbdf61000756a1ab5ec9752, build timestamp: 2015-10-06 15:00)</jarDescription>
    <jarDirectory>uv-e-filesDownload</jarDirectory>
    <jarName>uv-e-filesDownload-2.1.4.jar</jarName>
    <menuName>uv-e-filesDownload</menuName>
    <name>uv-e-filesDownload</name>
    <rawConf>&lt;object-stream&gt;
  &lt;MasterConfigObject&gt;
    &lt;configurations&gt;
      &lt;entry&gt;
        &lt;string&gt;dpu_config&lt;/string&gt;
        &lt;string&gt;&amp;lt;object-stream&amp;gt;
  &amp;lt;eu.unifiedviews.plugins.extractor.filesdownload.FilesDownloadConfig__V1&amp;gt;
    &amp;lt;vfsFiles class=&amp;quot;linked-list&amp;quot;/&amp;gt;
    &amp;lt;softFail&amp;gt;false&amp;lt;/softFail&amp;gt;
    &amp;lt;defaultTimeout&amp;gt;20000&amp;lt;/defaultTimeout&amp;gt;
    &amp;lt;ignoreTlsErrors&amp;gt;false&amp;lt;/ignoreTlsErrors&amp;gt;
  &amp;lt;/eu.unifiedviews.plugins.extractor.filesdownload.FilesDownloadConfig__V1&amp;gt;
&amp;lt;/object-stream&amp;gt;&lt;/string&gt;
      &lt;/entry&gt;
    &lt;/configurations&gt;
  &lt;/MasterConfigObject&gt;
&lt;/object-stream&gt;</rawConf>
    <shareType>PUBLIC_RO</shareType>
    <type>EXTRACTOR</type>
    <useDPUDescription>false</useDPUDescription>
  </template>
  <template>
    <children class="org.eclipse.persistence.indirection.IndirectSet"/>
    <derivedDPUs class="org.eclipse.persistence.indirection.IndirectSet"/>
    <description></description>
    <jarDescription>Filter files. (commit: 97bcdcfc24da88411cbdf61000756a1ab5ec9752, build timestamp: 2015-10-06 15:00)</jarDescription>
    <jarDirectory>uv-t-filesFilter</jarDirectory>
    <jarName>uv-t-filesFilter-2.1.3.jar</jarName>
    <menuName>uv-t-filesFilter</menuName>
    <name>uv-t-filesFilter</name>
    <rawConf>&lt;object-stream&gt;
  &lt;MasterConfigObject&gt;
    &lt;configurations&gt;
      &lt;entry&gt;
        &lt;string&gt;dpu_config&lt;/string&gt;
        &lt;string&gt;&amp;lt;object-stream&amp;gt;
  &amp;lt;eu.unifiedviews.plugins.transformer.filesfilter.FilesFilterConfig__V1&amp;gt;
    &amp;lt;predicate&amp;gt;FIXED_SYMBOLIC_NAME&amp;lt;/predicate&amp;gt;
    &amp;lt;object&amp;gt;.*&amp;lt;/object&amp;gt;
    &amp;lt;useRegExp&amp;gt;true&amp;lt;/useRegExp&amp;gt;
  &amp;lt;/eu.unifiedviews.plugins.transformer.filesfilter.FilesFilterConfig__V1&amp;gt;
&amp;lt;/object-stream&amp;gt;&lt;/string&gt;
      &lt;/entry&gt;
    &lt;/configurations&gt;
  &lt;/MasterConfigObject&gt;
&lt;/object-stream&gt;</rawConf>
    <shareType>PUBLIC_RO</shareType>
    <type>TRANSFORMER</type>
    <useDPUDescription>false</useDPUDescription>
  </template>
  <template>
    <children class="org.eclipse.persistence.indirection.IndirectSet"/>
    <derivedDPUs class="org.eclipse.persistence.indirection.IndirectSet"/>
    <description></description>
    <jarDescription>Execute a single SPARQL update query. Does not support quads! (commit: 97bcdcfc24da88411cbdf61000756a1ab5ec9752, build timestamp: 2015-10-06 15:00)</jarDescription>
    <jarDirectory>uv-t-sparqlUpdate</jarDirectory>
    <jarName>uv-t-sparqlUpdate-2.1.4.jar</jarName>
    <menuName>uv-t-sparqlUpdate</menuName>
    <name>uv-t-sparqlUpdate</name>
    <rawConf>&lt;object-stream&gt;
  &lt;MasterConfigObject&gt;
    &lt;configurations&gt;
      &lt;entry&gt;
        &lt;string&gt;dpu_config&lt;/string&gt;
        &lt;string&gt;&amp;lt;object-stream&amp;gt;
  &amp;lt;cz.cuni.mff.xrg.uv.transformer.sparql.update.SparqlUpdateConfig__V1&amp;gt;
    &amp;lt;query&amp;gt;INSERT {?s ?p ?o} WHERE {?s ?p ?o}&amp;lt;/query&amp;gt;
    &amp;lt;perGraph&amp;gt;true&amp;lt;/perGraph&amp;gt;
  &amp;lt;/cz.cuni.mff.xrg.uv.transformer.sparql.update.SparqlUpdateConfig__V1&amp;gt;
&amp;lt;/object-stream&amp;gt;&lt;/string&gt;
      &lt;/entry&gt;
    &lt;/configurations&gt;
  &lt;/MasterConfigObject&gt;
&lt;/object-stream&gt;</rawConf>
    <shareType>PUBLIC_RO</shareType>
    <type>TRANSFORMER</type>
    <useDPUDescription>false</useDPUDescription>
  </template>
  <template>
    <children class="org.eclipse.persistence.indirection.IndirectSet"/>
    <derivedDPUs class="org.eclipse.persistence.indirection.IndirectSet"/>
    <description></description>
    <jarDescription>Rename files (commit: 97bcdcfc24da88411cbdf61000756a1ab5ec9752, build timestamp: 2015-10-06 15:00)</jarDescription>
    <jarDirectory>uv-t-filesRenamer</jarDirectory>
    <jarName>uv-t-filesRenamer-2.2.0.jar</jarName>
    <menuName>uv-t-filesRenamer</menuName>
    <name>uv-t-filesRenamer</name>
    <rawConf>&lt;object-stream&gt;
  &lt;MasterConfigObject&gt;
    &lt;configurations&gt;
      &lt;entry&gt;
        &lt;string&gt;dpu_config&lt;/string&gt;
        &lt;string&gt;&amp;lt;object-stream&amp;gt;
  &amp;lt;eu.unifiedviews.plugins.transformer.filesrenamer.RenamerConfig__V1&amp;gt;
    &amp;lt;pattern&amp;gt;xml&amp;lt;/pattern&amp;gt;
    &amp;lt;replaceText&amp;gt;ttl&amp;lt;/replaceText&amp;gt;
    &amp;lt;useAdvanceReplace&amp;gt;false&amp;lt;/useAdvanceReplace&amp;gt;
  &amp;lt;/eu.unifiedviews.plugins.transformer.filesrenamer.RenamerConfig__V1&amp;gt;
&amp;lt;/object-stream&amp;gt;&lt;/string&gt;
      &lt;/entry&gt;
    &lt;/configurations&gt;
  &lt;/MasterConfigObject&gt;
&lt;/object-stream&gt;</rawConf>
    <shareType>PUBLIC_RO</shareType>
    <type>TRANSFORMER</type>
    <useDPUDescription>false</useDPUDescription>
  </template>
  <template>
    <children class="org.eclipse.persistence.indirection.IndirectSet"/>
    <derivedDPUs class="org.eclipse.persistence.indirection.IndirectSet"/>
    <description></description>
    <jarDescription>Convert tabular data into rdf data. (commit: 97bcdcfc24da88411cbdf61000756a1ab5ec9752, build timestamp: 2015-10-06 15:00)</jarDescription>
    <jarDirectory>uv-t-tabular</jarDirectory>
    <jarName>uv-t-tabular-2.3.0.jar</jarName>
    <menuName>uv-t-tabular</menuName>
    <name>uv-t-tabular</name>
    <rawConf>&lt;object-stream&gt;
  &lt;MasterConfigObject&gt;
    &lt;configurations&gt;
      &lt;entry&gt;
        &lt;string&gt;dpu_config&lt;/string&gt;
        &lt;string&gt;&amp;lt;object-stream&amp;gt;
  &amp;lt;cz.cuni.mff.xrg.uv.transformer.tabular.TabularConfig__V2&amp;gt;
    &amp;lt;baseURI&amp;gt;http://localhost&amp;lt;/baseURI&amp;gt;
    &amp;lt;columnsInfo class=&amp;quot;linked-hash-map&amp;quot;/&amp;gt;
    &amp;lt;columnsInfoAdv class=&amp;quot;linked-list&amp;quot;/&amp;gt;
    &amp;lt;namedCells class=&amp;quot;linked-list&amp;quot;/&amp;gt;
    &amp;lt;quoteChar&amp;gt;&amp;amp;quot;&amp;lt;/quoteChar&amp;gt;
    &amp;lt;delimiterChar&amp;gt;,&amp;lt;/delimiterChar&amp;gt;
    &amp;lt;linesToIgnore&amp;gt;0&amp;lt;/linesToIgnore&amp;gt;
    &amp;lt;encoding&amp;gt;UTF-8&amp;lt;/encoding&amp;gt;
    &amp;lt;tableType&amp;gt;CSV&amp;lt;/tableType&amp;gt;
    &amp;lt;hasHeader&amp;gt;true&amp;lt;/hasHeader&amp;gt;
    &amp;lt;generateNew&amp;gt;true&amp;lt;/generateNew&amp;gt;
    &amp;lt;ignoreBlankCells&amp;gt;false&amp;lt;/ignoreBlankCells&amp;gt;
    &amp;lt;advancedKeyColumn&amp;gt;false&amp;lt;/advancedKeyColumn&amp;gt;
    &amp;lt;rowsClass&amp;gt;http://unifiedviews.eu/ontology/t-tabular/Row&amp;lt;/rowsClass&amp;gt;
    &amp;lt;staticRowCounter&amp;gt;false&amp;lt;/staticRowCounter&amp;gt;
    &amp;lt;generateRowTriple&amp;gt;true&amp;lt;/generateRowTriple&amp;gt;
    &amp;lt;useTableSubject&amp;gt;false&amp;lt;/useTableSubject&amp;gt;
    &amp;lt;autoAsStrings&amp;gt;false&amp;lt;/autoAsStrings&amp;gt;
    &amp;lt;generateTableClass&amp;gt;false&amp;lt;/generateTableClass&amp;gt;
    &amp;lt;generateLabels&amp;gt;false&amp;lt;/generateLabels&amp;gt;
    &amp;lt;stripHeader&amp;gt;false&amp;lt;/stripHeader&amp;gt;
    &amp;lt;dbfTrimString&amp;gt;false&amp;lt;/dbfTrimString&amp;gt;
    &amp;lt;xlsAdvancedDoubleParser&amp;gt;false&amp;lt;/xlsAdvancedDoubleParser&amp;gt;
    &amp;lt;ignoreMissingColumn&amp;gt;false&amp;lt;/ignoreMissingColumn&amp;gt;
  &amp;lt;/cz.cuni.mff.xrg.uv.transformer.tabular.TabularConfig__V2&amp;gt;
&amp;lt;/object-stream&amp;gt;&lt;/string&gt;
      &lt;/entry&gt;
    &lt;/configurations&gt;
  &lt;/MasterConfigObject&gt;
&lt;/object-stream&gt;</rawConf>
    <shareType>PUBLIC_RO</shareType>
    <type>TRANSFORMER</type>
    <useDPUDescription>false</useDPUDescription>
  </template>
</list>